ticker,calendar_quarter,quarter_end_date,fundamentals_filed,source_ticker,qend_adj_close,qoq_return,price_index_100,revenue,revenue_ttm,revenue_yoy,net_income,netincome_ttm,gross_profit,operating_income,gross_margin,operating_margin,net_margin,eps_diluted,diluted_shares,capex,eps_diluted_calc
AMD,2010Q1,2010-03-31,2011-05-10,AMD,9.27,,100.0,1574000000.0,,,257000000.0,,741000000.0,182000000.0,0.4707750952986023,0.1156289707750953,0.1632782719186785,0.35,754000000.0,,0.3408488063660477
AMD,2010Q2,2010-06-30,2010-08-04,AMD,7.32,-0.2103559870550161,78.96440129449839,1653000000.0,,,-43000000.0,,738000000.0,125000000.0,0.4464609800362976,0.0756200846944948,-0.0260133091349062,-0.06,709000000.0,,-0.0606488011283497
AMD,2010Q3,2010-09-30,2010-11-03,AMD,7.11,-0.0286885245901639,76.6990291262136,1618000000.0,,,-118000000.0,,739000000.0,128000000.0,0.4567367119901112,0.0791100123609394,-0.072929542645241,-0.17,713000000.0,,-0.1654978962131837
AMD,2010Q4,2010-12-31,2012-02-24,AMD,8.18,0.1504922644163149,88.24163969795038,1649000000.0,6494000000.0,,375000000.0,471000000.0,743000000.0,413000000.0,0.4505761067313523,0.2504548211036992,0.2274105518496058,0.5,758000000.0,,0.4947229551451187
AMD,2011Q1,2011-03-31,2013-02-21,AMD,8.6,0.0513447432762836,92.77238403451996,1613000000.0,6533000000.0,0.024777636594663255,510000000.0,724000000.0,691000000.0,54000000.0,0.4283942963422195,0.0334779913205207,0.3161810291382517,0.68,764000000.0,,0.6675392670157068
AMD,2011Q2,2011-06-30,2013-02-21,AMD,6.99,-0.1872093023255813,75.40453074433658,1574000000.0,6454000000.0,-0.047791893526920703,61000000.0,828000000.0,720000000.0,105000000.0,0.4574332909783989,0.0667090216010165,0.0387547649301143,0.08,743000000.0,,0.0820995962314939
AMD,2011Q3,2011-09-30,2013-02-21,AMD,5.08,-0.2732474964234621,54.800431499460636,1690000000.0,6526000000.0,0.04449938195302838,97000000.0,1043000000.0,756000000.0,138000000.0,0.4473372781065088,0.0816568047337278,0.057396449704142,0.13,741000000.0,,0.1309041835357624
AMD,2011Q4,2011-12-30,2013-02-21,AMD,5.4,0.062992125984252,58.252427184466036,1691000000.0,6568000000.0,0.02546998180715576,-177000000.0,491000000.0,773000000.0,71000000.0,0.4571259609698403,0.041986989946777,-0.1046717918391484,-0.24,732000000.0,,-0.2418032786885245
AMD,2012Q1,2012-03-30,2013-05-06,AMD,8.02,0.4851851851851849,86.51564185544768,1585000000.0,6540000000.0,-0.017358958462492247,-590000000.0,-609000000.0,27000000.0,-580000000.0,0.0170347003154574,-0.3659305993690852,-0.3722397476340694,-0.8,734000000.0,,-0.8038147138964578
AMD,2012Q2,2012-06-29,2013-08-01,AMD,5.73,-0.2855361596009974,61.812297734627855,1413000000.0,6379000000.0,-0.102287166454892,37000000.0,-633000000.0,638000000.0,77000000.0,0.451521585279547,0.0544939844302901,0.0261854210898796,0.05,755000000.0,,0.0490066225165562
AMD,2012Q3,2012-09-28,2013-10-30,AMD,3.37,-0.4118673647469459,36.35382955771306,1269000000.0,5958000000.0,-0.249112426035503,-157000000.0,-887000000.0,392000000.0,-131000000.0,0.3089046493301812,-0.103230890464933,-0.123719464144996,-0.21,745000000.0,,-0.210738255033557
AMD,2012Q4,2012-12-31,2013-02-21,AMD,2.4,-0.2878338278931751,25.889967637540458,1155000000.0,5422000000.0,-0.3169722057953873,-473000000.0,-1183000000.0,178000000.0,-422000000.0,0.1541125541125541,-0.3653679653679653,-0.4095238095238095,-0.63,747000000.0,,-0.6331994645247657
AMD,2013Q1,2013-03-28,2013-05-06,AMD,2.55,0.0625,27.508090614886736,1088000000.0,4925000000.0,-0.3135646687697161,-146000000.0,-739000000.0,445000000.0,-98000000.0,0.4090073529411764,-0.0900735294117647,-0.1341911764705882,-0.19,749000000.0,,-0.1949265687583444
AMD,2013Q2,2013-06-28,2013-08-01,AMD,4.08,0.6000000000000001,44.012944983818784,1161000000.0,4673000000.0,-0.17834394904458595,-74000000.0,-850000000.0,459000000.0,-29000000.0,0.3953488372093023,-0.0249784668389319,-0.0637381567614125,-0.1,752000000.0,,-0.0984042553191489
AMD,2013Q3,2013-09-30,2013-10-30,AMD,3.81,-0.0661764705882352,41.10032362459549,1461000000.0,4865000000.0,0.15130023640661938,48000000.0,-645000000.0,521000000.0,95000000.0,0.3566050650239561,0.0650239561943874,0.0328542094455852,0.06,764000000.0,,0.06282722513089
AMD,2013Q4,2013-12-31,2014-02-18,AMD,3.87,0.0157480314960629,41.74757281553399,1589000000.0,5299000000.0,0.37575757575757573,89000000.0,-83000000.0,553000000.0,135000000.0,0.3480176211453744,0.0849590937696664,0.0560100692259282,0.12,766000000.0,,0.1161879895561357
AMD,2014Q1,2014-03-31,2014-05-01,AMD,4.01,0.0361757105943152,43.257820927723856,1397000000.0,5608000000.0,0.2840073529411764,-20000000.0,43000000.0,487000000.0,49000000.0,0.348604151753758,0.035075161059413,-0.0143163922691481,-0.03,761000000.0,,-0.026281208935611
AMD,2014Q2,2014-06-30,2014-07-31,AMD,4.19,0.0448877805486285,45.19956850053939,1441000000.0,5888000000.0,0.24117140396210157,-36000000.0,81000000.0,498000000.0,63000000.0,0.3455933379597501,0.0437196391394864,-0.0249826509368494,-0.05,764000000.0,,-0.0471204188481675
AMD,2014Q3,2014-09-30,2014-10-30,AMD,3.41,-0.1861575178997614,36.78532901833874,1429000000.0,5856000000.0,-0.021902806297056765,17000000.0,50000000.0,494000000.0,63000000.0,0.3456962911126662,0.0440867739678096,0.0118964310706787,0.02,785000000.0,,0.021656050955414
AMD,2014Q4,2014-12-31,2015-02-19,AMD,2.67,-0.2170087976539589,28.802588996763767,1239000000.0,5506000000.0,-0.2202643171806168,-364000000.0,-403000000.0,360000000.0,-330000000.0,0.2905569007263922,-0.2663438256658595,-0.2937853107344633,-0.47,776000000.0,,-0.4690721649484536
AMD,2015Q1,2015-03-31,2015-04-29,AMD,2.68,0.0037453183520599,28.91046386192019,1030000000.0,5139000000.0,-0.26270579813886896,-180000000.0,-563000000.0,326000000.0,-137000000.0,0.316504854368932,-0.133009708737864,-0.174757281553398,-0.23,777000000.0,,-0.2316602316602316
AMD,2015Q2,2015-06-30,2015-07-30,AMD,2.4,-0.1044776119402985,25.88996763754047,942000000.0,4640000000.0,-0.3462873004857737,-181000000.0,-708000000.0,232000000.0,-137000000.0,0.2462845010615711,-0.1454352441613588,-0.1921443736730361,-0.23,778000000.0,,-0.2326478149100257
AMD,2015Q3,2015-09-30,2015-11-03,AMD,1.72,-0.2833333333333333,18.554476806904002,1061000000.0,4272000000.0,-0.25752274317704693,-197000000.0,-922000000.0,239000000.0,-158000000.0,0.2252591894439208,-0.1489161168708765,-0.1856738925541941,-0.25,785000000.0,,-0.2509554140127388
AMD,2015Q4,2015-12-31,2016-02-18,AMD,2.87,0.6686046511627908,30.960086299892144,958000000.0,3991000000.0,-0.22679580306698954,-102000000.0,-660000000.0,283000000.0,-49000000.0,0.2954070981210856,-0.0511482254697286,-0.1064718162839248,-0.13,791000000.0,,-0.1289506953223767
AMD,2016Q1,2016-03-31,2016-04-28,AMD,2.85,-0.0069686411149826,30.744336569579307,832000000.0,3793000000.0,-0.1922330097087379,-109000000.0,-589000000.0,269000000.0,-68000000.0,0.3233173076923077,-0.0817307692307692,-0.1310096153846154,-0.14,793000000.0,,-0.137452711223203
AMD,2016Q2,2016-06-30,2016-07-26,AMD,5.14,0.8035087719298244,55.44768069039916,1027000000.0,3878000000.0,0.09023354564755848,69000000.0,-339000000.0,319000000.0,-8000000.0,0.3106134371957156,-0.0077896786757546,0.0671859785783836,0.08,821000000.0,,0.0840438489646772
AMD,2016Q3,2016-09-30,2016-10-26,AMD,6.91,0.3443579766536966,74.54153182308526,1307000000.0,4124000000.0,0.23185673892554193,-406000000.0,-548000000.0,59000000.0,-293000000.0,0.045141545524101,-0.224177505738332,-0.3106350420811017,-0.5,815000000.0,,-0.498159509202454
AMD,2016Q4,2016-12-30,2018-02-27,AMD,11.34,0.6410998552821996,122.3300970873787,1106000000.0,4272000000.0,0.1544885177453028,-51000000.0,-497000000.0,351000000.0,-3000000.0,0.3173598553345388,-0.0027124773960217,-0.0461121157323689,-0.06,931000000.0,,-0.0547798066595059
AMD,2017Q1,2017-03-31,2019-02-08,AMD,14.55,0.2830687830687832,156.9579288025891,1178000000.0,4618000000.0,0.4158653846153846,-73000000.0,-461000000.0,331000000.0,-29000000.0,0.2809847198641765,-0.0246179966044142,-0.0619694397283531,-0.08,939000000.0,,-0.0777422790202343
AMD,2017Q2,2017-06-30,2018-08-02,AMD,12.48,-0.1422680412371134,134.62783171521045,1151000000.0,4742000000.0,0.12074001947419677,-16000000.0,-546000000.0,404000000.0,25000000.0,0.3509991311902693,0.0217202432667245,-0.0139009556907037,-0.02,945000000.0,,-0.0169312169312169
AMD,2017Q3,2017-09-29,2018-10-31,AMD,12.75,0.0216346153846154,137.54045307443374,1584000000.0,5019000000.0,0.21193573068094884,71000000.0,-69000000.0,573000000.0,126000000.0,0.3617424242424242,0.0795454545454545,0.0448232323232323,0.07,1042000000.0,,0.0681381957773512
AMD,2017Q4,2017-12-29,2019-02-08,AMD,10.28,-0.1937254901960784,110.89536138079833,1340000000.0,5253000000.0,0.21157323688969254,61000000.0,43000000.0,515000000.0,82000000.0,0.3843283582089552,0.0611940298507462,0.0455223880597014,0.06,1037000000.0,,0.0588235294117647
AMD,2018Q1,2018-03-29,2019-02-08,AMD,10.05,-0.022373540856031,108.41423948220073,1647000000.0,5722000000.0,0.398132427843803,81000000.0,197000000.0,597000000.0,120000000.0,0.3624772313296903,0.0728597449908925,0.0491803278688524,0.08,1039000000.0,,0.0779595765158806
AMD,2018Q2,2018-06-29,2018-08-02,AMD,14.99,0.4915422885572138,161.7044228694715,1756000000.0,6327000000.0,0.5256298870547351,116000000.0,329000000.0,652000000.0,153000000.0,0.3712984054669704,0.087129840546697,0.0660592255125284,0.11,1147000000.0,,0.1011333914559721
AMD,2018Q3,2018-09-28,2018-10-31,AMD,30.889999,1.0607070713809206,333.2254476806906,1653000000.0,6396000000.0,0.043560606060605966,102000000.0,360000000.0,661000000.0,150000000.0,0.3998790078644888,0.0907441016333938,0.0617059891107078,0.09,1076000000.0,,0.0947955390334572
AMD,2018Q4,2018-12-31,2019-02-08,AMD,18.459999,-0.4023956103074008,199.13699029126224,1419000000.0,6475000000.0,0.05895522388059704,38000000.0,337000000.0,537000000.0,28000000.0,0.3784355179704017,0.0197322057787174,0.0267794221282593,0.04,1079000000.0,,0.0352177942539388
AMD,2019Q1,2019-03-29,2019-05-01,AMD,25.52,0.3824486122669888,275.29665587918026,1272000000.0,6100000000.0,-0.22768670309653916,16000000.0,272000000.0,521000000.0,38000000.0,0.4095911949685534,0.0298742138364779,0.0125786163522012,0.01,1094000000.0,,0.0146252285191956
AMD,2019Q2,2019-06-28,2019-07-31,AMD,30.370001,0.1900470611285265,327.6159762675298,1531000000.0,5875000000.0,-0.128132118451025,35000000.0,191000000.0,621000000.0,59000000.0,0.4056172436316133,0.0385369039843239,0.0228608752449379,0.03,1109000000.0,,0.0315599639314697
AMD,2019Q3,2019-09-30,2019-10-30,AMD,28.99,-0.0454396099624757,312.72923408845753,1801000000.0,6023000000.0,0.08953418027828186,120000000.0,209000000.0,777000000.0,186000000.0,0.4314269850083287,0.1032759578012215,0.0666296501943364,0.11,1117000000.0,,0.1074306177260519
AMD,2019Q4,2019-12-31,2020-02-04,AMD,45.860001,0.5819248361503966,494.71414239482226,2127000000.0,6731000000.0,0.4989429175475688,170000000.0,341000000.0,949000000.0,348000000.0,0.4461683121767748,0.1636107193229901,0.079924776680771,0.15,1188000000.0,,0.143097643097643
AMD,2020Q1,2020-03-31,2020-04-29,AMD,45.48,-0.008286109719012,490.61488673139183,1786000000.0,7245000000.0,0.4040880503144655,162000000.0,487000000.0,818000000.0,177000000.0,0.458006718924972,0.099104143337066,0.0907054871220604,0.14,1224000000.0,,0.1323529411764706
AMD,2020Q2,2020-06-30,2020-07-29,AMD,52.610001,0.1567722295514511,567.5296763754047,1932000000.0,7646000000.0,0.26192031352057477,157000000.0,609000000.0,848000000.0,173000000.0,0.4389233954451346,0.0895445134575569,0.0812629399585921,0.13,1227000000.0,,0.1279543602281988
AMD,2020Q3,2020-09-30,2020-10-28,AMD,81.989998,0.5584488964370102,884.4659978425032,2801000000.0,8646000000.0,0.555247084952804,390000000.0,879000000.0,1230000000.0,449000000.0,0.4391288825419493,0.1602998928953945,0.1392359871474473,0.32,1215000000.0,,0.3209876543209876
AMD,2020Q4,2020-12-31,2021-01-29,AMD,91.709999,0.11855105789855,989.3203775620286,3244000000.0,9763000000.0,0.5251527973671839,1781000000.0,2490000000.0,1451000000.0,570000000.0,0.4472872996300863,0.1757090012330456,0.5490135635018496,1.45,1226000000.0,,1.4526916802610117
AMD,2021Q1,2021-03-31,2021-04-28,AMD,78.5,-0.1440409894672444,846.8176914778862,3445000000.0,11422000000.0,0.9288913773796192,555000000.0,2883000000.0,1587000000.0,662000000.0,0.4606676342525399,0.1921625544267053,0.1611030478955007,0.45,1231000000.0,,0.4508529650690495
AMD,2021Q2,2021-06-30,2021-07-28,AMD,93.93,0.1965605095541402,1013.2686084142402,3850000000.0,13340000000.0,0.9927536231884058,710000000.0,3436000000.0,1830000000.0,831000000.0,0.4753246753246753,0.2158441558441558,0.1844155844155844,0.58,1232000000.0,,0.5762987012987013
AMD,2021Q3,2021-09-30,2021-10-27,AMD,102.900002,0.0954966677312891,1110.0323840345209,4313000000.0,14852000000.0,0.5398072117101036,923000000.0,3969000000.0,2086000000.0,948000000.0,0.4836540690934384,0.2198006028286575,0.2140041734291676,0.75,1230000000.0,,0.7504065040650406
AMD,2021Q4,2021-12-31,2022-02-03,AMD,143.899994,0.3984450068329443,1552.3192448759448,4826000000.0,16434000000.0,0.48766954377311955,974000000.0,3162000000.0,2426000000.0,1207000000.0,0.5026937422295897,0.2501036054703688,0.2018234562784915,,,,
AMD,2022Q1,2022-03-31,2022-05-04,AMD,109.339996,-0.2401667786032013,1179.503732470335,5887000000.0,18876000000.0,0.7088534107402031,786000000.0,3393000000.0,2818000000.0,951000000.0,0.4786818413453372,0.1615423815186003,0.1335145235264141,0.56,1410000000.0,,0.5574468085106383
AMD,2022Q2,2022-06-30,2022-08-03,AMD,76.470001,-0.3006218785667415,824.9191046386196,6550000000.0,21576000000.0,0.7012987012987013,447000000.0,3130000000.0,3028000000.0,526000000.0,0.4622900763358779,0.0803053435114503,0.0682442748091603,0.27,1632000000.0,,0.2738970588235294
AMD,2022Q3,2022-09-30,2022-11-02,AMD,63.360001,-0.1714397780640802,683.4951564185549,5565000000.0,22828000000.0,0.2902851843264549,66000000.0,2273000000.0,2354000000.0,-64000000.0,0.4230008984725966,-0.0115004492362982,0.0118598382749326,0.04,1625000000.0,,0.0406153846153846
AMD,2022Q4,2022-12-30,2023-02-27,AMD,64.769997,0.0222537243962481,698.705469255664,5599000000.0,23601000000.0,0.1601740571902197,21000000.0,1320000000.0,2403000000.0,-149000000.0,0.4291837828183604,-0.0266118949812466,0.0037506697624575,,,,
AMD,2023Q1,2023-03-31,2023-05-03,AMD,98.010002,0.5132006567794034,1057.281574973032,5353000000.0,23067000000.0,-0.09070834041107523,-139000000.0,395000000.0,2359000000.0,-145000000.0,0.4406874649729124,-0.0270876144218195,-0.025966747618158,-0.09,1611000000.0,,-0.0862818125387957
AMD,2023Q2,2023-06-30,2023-08-02,AMD,113.910004,0.1622283611421617,1228.8026321467107,5359000000.0,21876000000.0,-0.1818320610687023,27000000.0,-25000000.0,2443000000.0,-20000000.0,0.4558686322075014,-0.0037320395596193,0.005038253405486,0.02,1627000000.0,,0.0165949600491702
AMD,2023Q3,2023-09-29,2023-11-01,AMD,102.82,-0.0973575946850112,1109.1693635382965,5800000000.0,22111000000.0,0.04222821203953275,299000000.0,208000000.0,2747000000.0,224000000.0,0.4736206896551724,0.0386206896551724,0.051551724137931,0.18,1629000000.0,,0.1835481890730509
AMD,2023Q4,2023-12-29,2024-01-31,AMD,147.410004,0.4336705310250923,1590.1834304207134,6168000000.0,22680000000.0,0.10162529023039824,667000000.0,854000000.0,2911000000.0,342000000.0,0.4719520103761349,0.0554474708171206,0.1081387808041504,,,,
AMD,2024Q1,2024-03-28,2024-05-01,AMD,180.490005,0.2244081141195817,1947.0334951456327,5473000000.0,22800000000.0,0.022417336073230043,123000000.0,1116000000.0,2560000000.0,36000000.0,0.4677507765393751,0.0065777452950849,0.0224739630915402,0.07,1639000000.0,,0.075045759609518
AMD,2024Q2,2024-06-28,2024-07-31,AMD,162.210007,-0.1012798354124928,1749.8382632146722,5835000000.0,23276000000.0,0.08882254151894009,265000000.0,1354000000.0,2864000000.0,269000000.0,0.4908311910882605,0.0461011139674378,0.0454155955441302,0.16,1637000000.0,,0.1618814905314599
AMD,2024Q3,2024-09-30,2024-10-30,AMD,164.080002,0.0115282345065186,1770.0108090614901,6819000000.0,24295000000.0,0.17568965517241386,771000000.0,1826000000.0,3419000000.0,724000000.0,0.5013931661533949,0.1061739257955712,0.1130664320281566,0.47,1636000000.0,,0.4712713936430318
AMD,2024Q4,2024-12-31,2025-02-05,AMD,120.790001,-0.2638347176519415,1303.0205070118673,7658000000.0,25785000000.0,0.24156939040207526,482000000.0,1641000000.0,3882000000.0,871000000.0,0.5069208670671194,0.1137372682162444,0.0629407155915382,,,,
AMD,2025Q1,2025-03-31,2025-05-07,AMD,102.739998,-0.1494329236738726,1108.306343042072,7438000000.0,27750000000.0,0.3590352640233876,709000000.0,2227000000.0,3736000000.0,806000000.0,0.5022855606345792,0.1083624630276956,0.0953213229362732,0.44,1626000000.0,,0.4360393603936039
AMD,2025Q2,2025-06-30,2025-08-06,AMD,141.899994,0.3811562854030812,1530.7442718446612,7685000000.0,29600000000.0,0.31705227077977716,872000000.0,2834000000.0,3059000000.0,-134000000.0,0.3980481457384515,-0.0174365647364996,0.1134677944046844,0.54,1630000000.0,,0.5349693251533743
AMD,2025Q3,2025-09-30,2025-11-05,AMD,161.789993,0.140169132071986,1745.3073678532917,9246000000.0,32027000000.0,0.355917289925209,1243000000.0,3306000000.0,4780000000.0,1270000000.0,0.5169803158122431,0.1373566947869348,0.1344365130867402,0.75,1641000000.0,,0.7574649603900061
AMD,2025Q4,2025-12-31,2026-02-04,AMD,214.160004,0.3236912866421841,2310.2481553398075,10270000000.0,34639000000.0,0.3410812222512405,1511000000.0,4335000000.0,5577000000.0,1752000000.0,0.5430379746835443,0.1705939629990263,0.1471275559883154,,,,
AMD,2026Q1,2026-03-31,,AMD,203.429993,-0.0501027773607998,2194.4983063646187,,,,,,,,,,,,,,
AMZN,2010Q1,,2010-04-23,,,,,,,,,,,,,,,,,140000000.0,
AMZN,2010Q2,,2010-07-23,,,,,,,,,,,,,,,,,196000000.0,
AMZN,2010Q3,,2010-10-22,,,,,,,,,,,,,,,,,315000000.0,
AMZN,2010Q4,,2011-01-28,,,,,,,,,,,,,,,,,328000000.0,
AMZN,2011Q1,,2011-04-27,,,,,,,,,,,,,,,,,298000000.0,
AMZN,2011Q2,,2011-07-27,,,,,,,,,,,,,,,,,433000000.0,
AMZN,2011Q3,,2011-10-26,,,,,,,,,,,,,,,,,529000000.0,
AMZN,2011Q4,,2012-02-01,,,,,,,,,,,,,,,,,550000000.0,
AMZN,2012Q1,,2012-04-27,,,,,,,,,,,,,,,,,386000000.0,
AMZN,2012Q2,,2012-07-27,,,,,,,,,,,,,,,,,657000000.0,
AMZN,2012Q3,,2012-10-26,,,,,,,,,,,,,,,,,716000000.0,
AMZN,2012Q4,,2013-01-30,,,,,,,,,,,,,,,,,2026000000.0,
AMZN,2013Q1,,2013-04-26,,,,,,,,,,,,,,,,,670000000.0,
AMZN,2013Q2,,2013-07-26,,,,,,,,,,,,,,,,,855000000.0,
AMZN,2013Q3,,2013-10-25,,,,,,,,,,,,,,,,,1038000000.0,
AMZN,2013Q4,,2014-01-31,,,,,,,,,,,,,,,,,879000000.0,
AMZN,2014Q1,,2014-04-25,,,,,,,,,,,,,,,,,1080000000.0,
AMZN,2014Q2,,2014-07-25,,,,,,,,,,,,,,,,,1290000000.0,
AMZN,2014Q3,,2014-10-24,,,,,,,,,,,,,,,,,1378000000.0,
AMZN,2014Q4,,2015-01-30,,,,,,,,,,,,,,,,,1145000000.0,
AMZN,2015Q1,,2015-04-24,,,,,,,,,,,,,,,,,871000000.0,
AMZN,2015Q2,,2015-07-24,,,,,,,,,,,,,,,,,1213000000.0,
AMZN,2015Q3,,2015-10-23,,,,,,,,,,,,,,,,,1195000000.0,
AMZN,2015Q4,,2016-01-29,,,,,,,,,,,,,,,,,1309000000.0,
AMZN,2016Q1,,2016-04-29,,,,,,,,,,,,,,,,,1179000000.0,
AMZN,2016Q2,,2016-07-29,,,,,,,,,,,,,,,,,1711000000.0,
AMZN,2016Q3,,2016-10-28,,,,,,,,,,,,,,,,,1841000000.0,
AMZN,2016Q4,,2017-02-10,,,,,,,,,,,,,,,,,2006000000.0,
AMZN,2017Q1,,2017-04-28,,,,,,,,,,,,,,,,,1861000000.0,
AMZN,2017Q2,,2019-02-01,,,,,,,,,,,,,,,,,3401000000.0,
AMZN,2017Q3,,2018-10-26,,,,,,,,,,,,,,,,,3074000000.0,
AMZN,2017Q4,,2019-02-01,,,,,,,,,,,,,,,,,3619000000.0,
AMZN,2018Q1,,2019-04-26,,,,,,,,,,,,,,,,,3098000000.0,
AMZN,2018Q2,,2019-07-26,,,,,,,,,,,,,,,,,3243000000.0,
AMZN,2018Q3,,2018-10-26,,,,,,,,,,,,,,,,,3352000000.0,
AMZN,2018Q4,,2019-02-01,,,,,,,,,,,,,,,,,3734000000.0,
AMZN,2019Q1,,2019-04-26,,,,,,,,,,,,,,,,,3290000000.0,
AMZN,2019Q2,,2019-07-26,,,,,,,,,,,,,,,,,3562000000.0,
AMZN,2019Q3,,2019-10-25,,,,,,,,,,,,,,,,,4697000000.0,
AMZN,2019Q4,,2020-01-31,,,,,,,,,,,,,,,,,5312000000.0,
AMZN,2020Q1,,2020-05-01,,,,,,,,,,,,,,,,,6795000000.0,
AMZN,2020Q2,,2020-07-31,,,,,,,,,,,,,,,,,7459000000.0,
AMZN,2020Q3,,2020-10-30,,,,,,,,,,,,,,,,,11063000000.0,
AMZN,2020Q4,,2021-02-03,,,,,,,,,,,,,,,,,14823000000.0,
AMZN,2021Q1,,2021-04-30,,,,,,,,,,,,,,,,,12082000000.0,
AMZN,2021Q2,,2021-07-30,,,,,,,,,,,,,,,,,14288000000.0,
AMZN,2021Q3,,2021-10-29,,,,,,,,,,,,,,,,,15748000000.0,
AMZN,2021Q4,,2022-02-04,,,,,,,,,,,,,,,,,18935000000.0,
AMZN,2022Q1,,2022-04-29,,,,,,,,,,,,,,,,,14951000000.0,
AMZN,2022Q2,,2022-07-29,,,,,,,,,,,,,,,,,15724000000.0,
AMZN,2022Q3,,2022-10-28,,,,,,,,,,,,,,,,,16378000000.0,
AMZN,2022Q4,,2023-02-03,,,,,,,,,,,,,,,,,16592000000.0,
AMZN,2023Q1,,2023-04-28,,,,,,,,,,,,,,,,,14207000000.0,
AMZN,2023Q2,,2023-08-04,,,,,,,,,,,,,,,,,11455000000.0,
AMZN,2023Q3,,2023-10-27,,,,,,,,,,,,,,,,,12479000000.0,
AMZN,2023Q4,,2024-02-02,,,,,,,,,,,,,,,,,14588000000.0,
AMZN,2024Q1,,2024-05-01,,,,,,,,,,,,,,,,,14925000000.0,
AMZN,2024Q2,,2024-08-02,,,,,,,,,,,,,,,,,17620000000.0,
AMZN,2024Q3,,2024-11-01,,,,,,,,,,,,,,,,,22620000000.0,
AMZN,2024Q4,,2025-02-07,,,,,,,,,,,,,,,,,27834000000.0,
AMZN,2025Q1,,2025-05-02,,,,,,,,,,,,,,,,,25019000000.0,
AMZN,2025Q2,,2025-08-01,,,,,,,,,,,,,,,,,32183000000.0,
AMZN,2025Q3,,2025-10-31,,,,,,,,,,,,,,,,,35095000000.0,
AMZN,2025Q4,,2026-02-06,,,,,,,,,,,,,,,,,39522000000.0,
GOOGL,2010Q1,,2010-05-05,,,,,,,,,,,,,,,,,239000000.0,
GOOGL,2010Q2,,2010-07-30,,,,,,,,,,,,,,,,,476000000.0,
GOOGL,2010Q3,,2010-10-29,,,,,,,,,,,,,,,,,758000000.0,
GOOGL,2010Q4,,2011-02-11,,,,,,,,,,,,,,,,,2545000000.0,
GOOGL,2011Q1,,2011-05-10,,,,,,,,,,,,,,,,,890000000.0,
GOOGL,2011Q2,,2011-07-27,,,,,,,,,,,,,,,,,917000000.0,
GOOGL,2011Q3,,2011-10-26,,,,,,,,,,,,,,,,,680000000.0,
GOOGL,2011Q4,,2012-01-26,,,,,,,,,,,,,,,,,951000000.0,
GOOGL,2012Q1,,2012-04-25,,,,,,,,,,,,,,,,,607000000.0,
GOOGL,2012Q2,,2012-07-24,,,,,,,,,,,,,,,,,774000000.0,
GOOGL,2012Q3,,2012-10-30,,,,,,,,,,,,,,,,,872000000.0,
GOOGL,2012Q4,,2013-01-29,,,,,,,,,,,,,,,,,1020000000.0,
GOOGL,2013Q1,,2013-04-25,,,,,,,,,,,,,,,,,1203000000.0,
GOOGL,2013Q2,,2013-07-25,,,,,,,,,,,,,,,,,1611000000.0,
GOOGL,2013Q3,,2013-10-24,,,,,,,,,,,,,,,,,2289000000.0,
GOOGL,2013Q4,,2014-02-12,,,,,,,,,,,,,,,,,2255000000.0,
GOOGL,2014Q1,,2014-04-24,,,,,,,,,,,,,,,,,2345000000.0,
GOOGL,2014Q2,,2014-07-25,,,,,,,,,,,,,,,,,2646000000.0,
GOOGL,2014Q3,,2014-10-23,,,,,,,,,,,,,,,,,2417000000.0,
GOOGL,2014Q4,,2015-02-09,,,,,,,,,,,,,,,,,3551000000.0,
GOOGL,2015Q1,,2015-04-29,,,,,,,,,,,,,,,,,2927000000.0,
GOOGL,2015Q2,,2016-08-04,,,,,,,,,,,,,,,,,2515000000.0,
GOOGL,2015Q3,,2016-11-03,,,,,,,,,,,,,,,,,2373000000.0,
GOOGL,2015Q4,,2016-02-11,,,,,,,,,,,,,,,,,2100000000.0,
GOOGL,2016Q1,,2016-05-03,,,,,,,,,,,,,,,,,2428000000.0,
GOOGL,2016Q2,,2016-08-04,,,,,,,,,,,,,,,,,2123000000.0,
GOOGL,2016Q3,,2016-11-03,,,,,,,,,,,,,,,,,2583000000.0,
GOOGL,2016Q4,,2017-02-03,,,,,,,,,,,,,,,,,3078000000.0,
GOOGL,2017Q1,,2017-05-02,,,,,,,,,,,,,,,,,2508000000.0,
GOOGL,2017Q2,,2017-07-25,,,,,,,,,,,,,,,,,2831000000.0,
GOOGL,2017Q3,,2017-10-27,,,,,,,,,,,,,,,,,3538000000.0,
GOOGL,2017Q4,,2018-02-06,,,,,,,,,,,,,,,,,4307000000.0,
GOOGL,2018Q1,,2018-04-24,,,,,,,,,,,,,,,,,7299000000.0,
GOOGL,2018Q2,,2018-07-24,,,,,,,,,,,,,,,,,5477000000.0,
GOOGL,2018Q3,,2018-10-26,,,,,,,,,,,,,,,,,5282000000.0,
GOOGL,2018Q4,,2019-02-05,,,,,,,,,,,,,,,,,7081000000.0,
GOOGL,2019Q1,,2019-04-30,,,,,,,,,,,,,,,,,4638000000.0,
GOOGL,2019Q2,,2019-07-26,,,,,,,,,,,,,,,,,6126000000.0,
GOOGL,2019Q3,,2019-10-29,,,,,,,,,,,,,,,,,6732000000.0,
GOOGL,2019Q4,,2020-02-04,,,,,,,,,,,,,,,,,6052000000.0,
GOOGL,2020Q1,,2020-04-29,,,,,,,,,,,,,,,,,6005000000.0,
GOOGL,2020Q2,,2020-07-31,,,,,,,,,,,,,,,,,5391000000.0,
GOOGL,2020Q3,,2020-10-30,,,,,,,,,,,,,,,,,5406000000.0,
GOOGL,2020Q4,,2021-02-03,,,,,,,,,,,,,,,,,5479000000.0,
GOOGL,2021Q1,,2021-04-28,,,,,,,,,,,,,,,,,5942000000.0,
GOOGL,2021Q2,,2021-07-28,,,,,,,,,,,,,,,,,5496000000.0,
GOOGL,2021Q3,,2021-10-27,,,,,,,,,,,,,,,,,6819000000.0,
GOOGL,2021Q4,,2022-02-02,,,,,,,,,,,,,,,,,6383000000.0,
GOOGL,2022Q1,,2022-04-27,,,,,,,,,,,,,,,,,9786000000.0,
GOOGL,2022Q2,,2022-07-27,,,,,,,,,,,,,,,,,6828000000.0,
GOOGL,2022Q3,,2022-10-26,,,,,,,,,,,,,,,,,7276000000.0,
GOOGL,2022Q4,,2023-02-03,,,,,,,,,,,,,,,,,7595000000.0,
GOOGL,2023Q1,,2023-04-26,,,,,,,,,,,,,,,,,6289000000.0,
GOOGL,2023Q2,,2023-07-26,,,,,,,,,,,,,,,,,6888000000.0,
GOOGL,2023Q3,,2023-10-25,,,,,,,,,,,,,,,,,8055000000.0,
GOOGL,2023Q4,,2024-01-31,,,,,,,,,,,,,,,,,11019000000.0,
GOOGL,2024Q1,,2024-04-26,,,,,,,,,,,,,,,,,12012000000.0,
GOOGL,2024Q2,,2024-07-24,,,,,,,,,,,,,,,,,13186000000.0,
GOOGL,2024Q3,,2024-10-30,,,,,,,,,,,,,,,,,13061000000.0,
GOOGL,2024Q4,,2025-02-05,,,,,,,,,,,,,,,,,14276000000.0,
GOOGL,2025Q1,,2025-04-25,,,,,,,,,,,,,,,,,17197000000.0,
GOOGL,2025Q2,,2025-07-24,,,,,,,,,,,,,,,,,22446000000.0,
GOOGL,2025Q3,,2025-10-30,,,,,,,,,,,,,,,,,23953000000.0,
GOOGL,2025Q4,,2026-02-05,,,,,,,,,,,,,,,,,27851000000.0,
INTC,2010Q1,2010-03-31,2010-05-03,INTC,14.547819,,100.0,10299000000.0,,,2442000000.0,,6529000000.0,3448000000.0,0.6339450432080784,0.3347897854160598,0.2371103990678706,0.43,5681000000.0,,0.4298538989614504
INTC,2010Q2,2010-06-30,2010-07-30,INTC,12.783798,-0.1212567327102432,87.87432672897569,10765000000.0,,,2887000000.0,,7235000000.0,3981000000.0,0.672085462145843,0.3698095680445889,0.268183929400836,0.51,5711000000.0,,0.5055156715111189
INTC,2010Q3,2010-09-30,2010-11-02,INTC,12.715749,-0.0053230659620873,87.40656589142334,11102000000.0,,,2955000000.0,,7321000000.0,4136000000.0,0.659430733201225,0.3725454872995856,0.2661682579715366,0.52,5694000000.0,,0.5189673340358272
INTC,2010Q4,2010-12-31,2011-02-18,INTC,14.03675,0.1038869987131705,96.48697168970828,11457000000.0,43623000000.0,,3180000000.0,11464000000.0,7406000000.0,4023000000.0,0.6464170376189229,0.3511390416339356,0.2775595705682115,,,,
INTC,2011Q1,2011-03-31,2011-05-09,INTC,13.583443,-0.0322942988939746,93.37099258658638,12847000000.0,46171000000.0,0.24740266045247106,3160000000.0,12182000000.0,7885000000.0,4158000000.0,0.6137619677745777,0.3236553280921616,0.2459718222153031,0.56,5606000000.0,,0.5636817695326436
INTC,2011Q2,2011-06-30,2011-08-08,INTC,15.033352,0.1067409050856988,103.3374968440287,13032000000.0,48438000000.0,0.21058987459359035,2954000000.0,12249000000.0,7902000000.0,3935000000.0,0.606353591160221,0.3019490484960098,0.2266728054020871,0.54,5441000000.0,,0.5429149053482816
INTC,2011Q3,2011-09-30,2011-11-04,INTC,14.618402,-0.0276019612924649,100.4851792560796,14233000000.0,51569000000.0,0.2820212574310934,3468000000.0,12762000000.0,9018000000.0,4785000000.0,0.6335979765334083,0.3361905431040539,0.2436591020866999,0.65,5340000000.0,,0.6494382022471911
INTC,2011Q4,2011-12-30,2012-02-23,INTC,16.759377,0.1464575266161103,115.2019900715015,13887000000.0,53999000000.0,0.2120974076983504,3360000000.0,12942000000.0,8952000000.0,4599000000.0,0.6446316699071074,0.3311730395333765,0.2419529055951609,,,,
INTC,2012Q1,2012-03-30,2012-05-04,INTC,19.589266,0.1688540689788169,134.65431484953177,12906000000.0,54058000000.0,0.004592511870475491,2738000000.0,12520000000.0,8265000000.0,3810000000.0,0.6403998140399814,0.2952115295211529,0.2121493878816054,0.53,5192000000.0,,0.5273497688751926
INTC,2012Q2,2012-06-29,2012-08-01,INTC,18.6998,-0.0454057849844908,128.54022998224002,13501000000.0,54527000000.0,0.03598833640270094,2827000000.0,12393000000.0,8554000000.0,3832000000.0,0.6335826975779572,0.2838308273461225,0.2093918968965261,0.54,5199000000.0,,0.543758415079823
INTC,2012Q3,2012-09-28,2012-10-31,INTC,16.039371,-0.1422704520903966,110.25275335086317,13457000000.0,53751000000.0,-0.05452118316588206,2972000000.0,11897000000.0,8515000000.0,3841000000.0,0.6327561863714052,0.2854276584677119,0.2208516013970424,0.58,5153000000.0,,0.5767514069474092
INTC,2012Q4,2012-12-31,2013-02-19,INTC,14.745806,-0.0806493596288782,101.3609393957954,13477000000.0,53341000000.0,-0.029524015266076176,2468000000.0,11005000000.0,7817000000.0,3155000000.0,0.5800252281665059,0.2341025450767975,0.183126808636937,,,,
INTC,2013Q1,2013-03-28,2013-04-29,INTC,15.786112,0.0705492802495841,108.51188071559048,12580000000.0,53015000000.0,-0.02525956919262362,2045000000.0,10312000000.0,7066000000.0,2519000000.0,0.5616852146263911,0.2002384737678855,0.1625596184419714,0.4,5080000000.0,,0.4025590551181102
INTC,2013Q2,2013-06-28,2013-07-29,INTC,17.678602,0.1198832239375979,121.52063481130753,12811000000.0,52325000000.0,-0.05110732538330498,2000000000.0,9485000000.0,7470000000.0,2719000000.0,0.5830926547498244,0.212239481695418,0.1561158379517602,0.39,5106000000.0,,0.3916960438699569
INTC,2013Q3,2013-09-30,2013-10-28,INTC,16.886433,-0.0448094821072391,116.0753581000699,13483000000.0,52351000000.0,0.0019320799583859571,2950000000.0,9463000000.0,8414000000.0,3504000000.0,0.6240450938218497,0.2598828153971668,0.2187940369354001,0.58,5100000000.0,,0.5784313725490197
INTC,2013Q4,2013-12-31,2014-02-14,INTC,19.30521,0.1432378880726319,132.7017472515984,13834000000.0,52708000000.0,0.026489574831193963,2625000000.0,9620000000.0,8571000000.0,3549000000.0,0.6195605031082839,0.2565418534046552,0.1897498915714905,,,,
INTC,2014Q1,2014-03-31,2014-04-25,INTC,19.376699,0.003703093620841,133.19315424532024,12764000000.0,52892000000.0,0.014626391096979274,1930000000.0,9505000000.0,7613000000.0,2510000000.0,0.596443121278596,0.1966468191789407,0.151206518332811,0.38,5117000000.0,,0.3771741254641391
INTC,2014Q2,2014-06-30,2014-07-25,INTC,23.397322,0.2074978302547818,160.83044475601466,13831000000.0,53912000000.0,0.07961907735539775,2796000000.0,10301000000.0,8917000000.0,3844000000.0,0.6447111560986191,0.2779263972236281,0.2021545802906514,0.55,5123000000.0,,0.5457739605699785
INTC,2014Q3,2014-09-30,2014-10-29,INTC,26.540901,0.1343563592448744,182.4390377691667,14554000000.0,54983000000.0,0.07943336052807237,3317000000.0,10668000000.0,9458000000.0,4540000000.0,0.6498557097705098,0.3119417342311392,0.2279098529613852,0.66,5045000000.0,,0.6574826560951437
INTC,2014Q4,2014-12-31,2015-02-13,INTC,27.842751,0.0490507085648674,191.38780184163696,14721000000.0,55870000000.0,0.06411739193291899,3661000000.0,11704000000.0,9621000000.0,4453000000.0,0.6535561442836764,0.3024930371578018,0.2486923442700903,,,,
INTC,2015Q1,2015-03-31,2015-04-27,INTC,24.163342,-0.1321496212784433,166.09597631095087,12781000000.0,55887000000.0,0.0013318708868692575,1992000000.0,11766000000.0,7730000000.0,2615000000.0,0.6048040059463266,0.20460057898443,0.1558563492684453,0.41,4914000000.0,,0.4053724053724054
INTC,2015Q2,2015-06-30,2015-07-27,INTC,23.676498,-0.0201480407801206,162.7494678068239,13195000000.0,55251000000.0,-0.04598365989443998,2706000000.0,11676000000.0,8248000000.0,2896000000.0,0.6250852595680182,0.2194770746494884,0.2050776809397499,0.55,4909000000.0,,0.5512324302301894
INTC,2015Q3,2015-09-30,2015-10-28,INTC,23.653448,-0.0009735392455419,162.5910248127229,14465000000.0,55162000000.0,-0.006115157345059741,3109000000.0,11468000000.0,9111000000.0,4192000000.0,0.6298651918423781,0.2898029726927065,0.214932595921189,0.64,4876000000.0,,0.6376127973748975
INTC,2015Q4,2015-12-31,2016-02-12,INTC,27.226326,0.1510510433827658,187.15056875535788,14914000000.0,55355000000.0,0.013110522382990375,3613000000.0,11420000000.0,9590000000.0,4299000000.0,0.6430199812256939,0.2882526485181708,0.2422555987662598,,,,
INTC,2016Q1,2016-03-31,2016-05-02,INTC,25.791693,-0.0526928605791321,177.28906992862653,13702000000.0,56276000000.0,0.07206008919489859,2046000000.0,11474000000.0,8130000000.0,2568000000.0,0.5933440373668077,0.1874178951977813,0.1493212669683258,0.42,4875000000.0,,0.4196923076923077
INTC,2016Q2,2016-06-30,2016-08-01,INTC,26.376341,0.0226680737863931,181.30787164728966,13533000000.0,56614000000.0,0.025615763546797954,1330000000.0,10098000000.0,7973000000.0,1318000000.0,0.5891524421783788,0.0973915613685066,0.098278282716323,0.27,4866000000.0,,0.273325113029182
INTC,2016Q3,2016-09-30,2016-10-31,INTC,30.587034,0.1596390113397456,210.25168102517648,15778000000.0,57927000000.0,0.09077082613204279,3378000000.0,10367000000.0,9983000000.0,4462000000.0,0.6327164406135125,0.282798833819242,0.2140955761186462,0.69,4877000000.0,,0.6926389173672339
INTC,2016Q4,2016-12-30,2019-02-01,INTC,29.610363,-0.0319308828701729,203.5381592251046,16374000000.0,59387000000.0,0.09789459568190972,3562000000.0,10316000000.0,10105000000.0,4526000000.0,0.6171369243923293,0.2764138267985831,0.2175400024428972,,,,
INTC,2017Q1,2017-03-31,2017-04-27,INTC,29.65731,0.0015854922143305,203.8608673918752,14796000000.0,60481000000.0,0.07984235877974011,2964000000.0,11234000000.0,9147000000.0,3599000000.0,0.6182076236820763,0.2432414165990808,0.2003244120032441,0.61,4881000000.0,,0.6072526121696373
INTC,2017Q2,2017-06-30,2017-07-27,INTC,27.947933,-0.0576376279574917,192.11081056205072,14763000000.0,61711000000.0,0.09088893815118593,2808000000.0,12712000000.0,9098000000.0,3827000000.0,0.61627040574409,0.259229153965996,0.1902052428368217,0.58,4845000000.0,,0.5795665634674922
INTC,2017Q3,2017-09-29,2018-10-26,INTC,31.779675,0.1371028762663773,218.44975525197304,16149000000.0,62082000000.0,0.023513753327417897,4516000000.0,13850000000.0,10057000000.0,5115000000.0,0.6227630193820051,0.316737878506409,0.2796457985014552,0.94,4821000000.0,,0.9367351171956024
INTC,2017Q4,2017-12-29,2019-02-01,INTC,38.751129,0.2193683226779379,266.37071165100446,17053000000.0,62761000000.0,0.0414681812629778,-687000000.0,9601000000.0,10767000000.0,5395000000.0,0.6313845071248461,0.3163666217087902,-0.0402861666568932,,,,
INTC,2018Q1,2018-03-29,2019-04-26,INTC,44.017567,0.1359041177871229,302.5715882222623,16066000000.0,64031000000.0,0.08583400919167339,4454000000.0,11091000000.0,9731000000.0,4470000000.0,0.6056890327399477,0.2782273123366114,0.2772314203908876,0.93,4790000000.0,,0.9298538622129436
INTC,2018Q2,2018-06-29,2019-07-26,INTC,42.25695,-0.0399980535044109,290.46931364763367,16962000000.0,66230000000.0,0.14895346474293847,5006000000.0,13289000000.0,10419000000.0,5273000000.0,0.6142553944110364,0.3108713595094918,0.2951302912392406,1.05,4747000000.0,,1.0545607752264587
INTC,2018Q3,2018-09-28,2018-10-26,INTC,40.444252,-0.0428970382386804,278.0090403929279,19163000000.0,69244000000.0,0.18663694346399162,6398000000.0,15171000000.0,12360000000.0,7349000000.0,0.6449929551740333,0.3834994520690915,0.3338725669258466,1.38,4648000000.0,,1.3765060240963856
INTC,2018Q4,2018-12-31,2019-02-01,INTC,40.388958,-0.0013671658459648,277.62895592803324,18657000000.0,70848000000.0,0.09405969624113064,5195000000.0,21053000000.0,11227000000.0,6224000000.0,0.6017580532775901,0.3336013292597952,0.2784477675939326,,,,
INTC,2019Q1,2019-03-29,2019-04-26,INTC,46.508305,0.1515103954897771,319.6926288401035,16061000000.0,70843000000.0,-0.000311216233038758,3974000000.0,20573000000.0,9089000000.0,4174000000.0,0.5659049872361621,0.2598841915198306,0.2474316667704377,0.87,4564000000.0,,0.8707274320771253
INTC,2019Q2,2019-06-28,2019-07-26,INTC,41.712982,-0.103106810708324,286.7301414734405,16505000000.0,70386000000.0,-0.02694257752623508,4179000000.0,19746000000.0,9878000000.0,4617000000.0,0.598485307482581,0.2797334141169342,0.253196001211754,0.92,4523000000.0,,0.9239442847667476
INTC,2019Q3,2019-09-30,2019-10-25,INTC,45.205399,0.0837249420336336,310.73660594759986,19190000000.0,70413000000.0,0.0014089651933413272,5990000000.0,19338000000.0,11295000000.0,6447000000.0,0.5885878061490359,0.3359562272016675,0.3121417404898384,1.35,4433000000.0,,1.351229415745545
INTC,2019Q4,2019-12-31,2020-01-24,INTC,52.793186,0.1678513444821048,362.8941630357105,20209000000.0,71965000000.0,0.08318593557377918,6905000000.0,21048000000.0,11878000000.0,6797000000.0,0.587757929635311,0.3363352961551784,0.3416794497501113,,,,
INTC,2020Q1,2020-03-31,2020-04-24,INTC,47.973904,-0.0912860610458327,329.76698431565626,19828000000.0,75732000000.0,0.2345433036548159,5661000000.0,22735000000.0,12016000000.0,7038000000.0,0.6060117006253782,0.354952592293726,0.2855053459753883,1.31,4312000000.0,,1.312847866419295
INTC,2020Q2,2020-06-30,2020-07-24,INTC,53.335041,0.1117511095198755,366.61881069595427,19728000000.0,78955000000.0,0.19527415934565284,5105000000.0,23661000000.0,10507000000.0,5697000000.0,0.5325932684509327,0.2887773722627737,0.2587692619626926,1.19,4284000000.0,,1.1916433239962652
INTC,2020Q3,2020-09-30,2020-10-23,INTC,46.472412,-0.1286701738918696,319.4459045716754,18333000000.0,78098000000.0,-0.044658676393955155,4276000000.0,21947000000.0,9741000000.0,5059000000.0,0.5313369333987891,0.2759504718267604,0.233240604374625,1.02,4211000000.0,,1.015435763476609
INTC,2020Q4,2020-12-31,2021-01-22,INTC,45.038544,-0.030854176452042,309.5896642651387,19978000000.0,77867000000.0,-0.01143055074471766,5857000000.0,20899000000.0,11348000000.0,5884000000.0,0.568024827310041,0.2945239763740114,0.2931724897387125,,,,
INTC,2021Q1,2021-03-31,2021-04-23,INTC,58.208809,0.2924220862912443,400.1205197837565,19673000000.0,77712000000.0,-0.007817228162194878,3361000000.0,18599000000.0,10854000000.0,3694000000.0,0.5517206323387384,0.1877700401565597,0.1708432877547908,0.82,4096000000.0,,0.820556640625
INTC,2021Q2,2021-06-30,2021-07-23,INTC,51.374523,-0.1174098236574467,353.1424401142197,19631000000.0,77615000000.0,-0.0049168694241686905,5061000000.0,18555000000.0,11206000000.0,5546000000.0,0.5708318475879985,0.2825123529112118,0.2578065304874942,1.24,4084000000.0,,1.2392262487757102
INTC,2021Q3,2021-09-30,2021-10-22,INTC,49.074142,-0.0447766882429254,337.32989116787934,19192000000.0,78474000000.0,0.046855397370861196,6823000000.0,21102000000.0,10746000000.0,5227000000.0,0.5599208003334722,0.2723530637765736,0.3555127136306794,1.67,4086000000.0,,1.6698482623592756
INTC,2021Q4,2021-12-31,2022-01-27,INTC,47.764523,-0.0266865389108587,328.32772390143197,20528000000.0,79024000000.0,0.027530283311642867,4623000000.0,19868000000.0,11009000000.0,4989000000.0,0.5362918939984411,0.2430339049103663,0.2252045985970382,,,,
INTC,2022Q1,2022-03-31,2022-04-29,INTC,46.31538,-0.0303393169026308,318.36648503806697,18353000000.0,77704000000.0,-0.0670970365475525,8113000000.0,24620000000.0,9244000000.0,4341000000.0,0.5036778728273307,0.2365280880509998,0.4420530703427233,1.98,4107000000.0,,1.975407840272705
INTC,2022Q2,2022-06-30,2022-07-29,INTC,35.237179,-0.239190545343685,242.21623186265958,15321000000.0,73394000000.0,-0.2195507106107687,-454000000.0,19105000000.0,5587000000.0,-700000000.0,0.3646628810129887,-0.0456889236994974,-0.029632530513674,-0.11,4100000000.0,,-0.1107317073170731
INTC,2022Q3,2022-09-30,2022-10-28,INTC,24.518293,-0.3041925121190887,168.53586781633751,15338000000.0,69540000000.0,-0.20081283868278454,1019000000.0,13301000000.0,6535000000.0,-175000000.0,0.426065979919155,-0.0114095710001303,0.0664363019950449,0.25,4125000000.0,,0.247030303030303
INTC,2022Q4,2022-12-30,2023-01-27,INTC,25.485865,0.0394632693230316,175.18684415856453,14042000000.0,63054000000.0,-0.31595869056897896,-664000000.0,8014000000.0,5500000000.0,-1132000000.0,0.3916820965674405,-0.0806152969662441,-0.0472867112946873,,,,
INTC,2023Q1,2023-03-31,2023-04-28,INTC,31.886812,0.2511567490450097,219.18620241288434,11715000000.0,56416000000.0,-0.36168473818994173,-2758000000.0,-2857000000.0,4008000000.0,-1468000000.0,0.3421254801536492,-0.1253094323516858,-0.2354246692274861,-0.66,4154000000.0,,-0.6639383726528647
INTC,2023Q2,2023-06-30,2023-07-28,INTC,32.772011,0.0277606616804464,225.27095642309027,12949000000.0,54044000000.0,-0.15482018145029697,1481000000.0,-922000000.0,4638000000.0,-1016000000.0,0.358174376399722,-0.0784616572708317,0.114371766159549,0.35,4196000000.0,,0.3529551954242135
INTC,2023Q3,2023-09-29,2023-10-27,INTC,34.965202,0.0669226859468588,240.34669389274126,14158000000.0,52864000000.0,-0.0769331073151649,297000000.0,-1644000000.0,6018000000.0,-8000000.0,0.4250600367283514,-0.0005650515609549,0.020977539200452,0.07,4229000000.0,,0.0702293686450697
INTC,2023Q4,2023-12-29,2024-01-26,INTC,49.585903,0.4181500510135765,340.84767620493545,15406000000.0,54228000000.0,0.09713715994872518,2669000000.0,1689000000.0,7047000000.0,2585000000.0,0.4574191873296118,0.1677917694404777,0.1732441905751006,,,,
INTC,2024Q1,2024-03-28,2024-04-26,INTC,43.714012,-0.1184185553704649,300.48498678736706,12724000000.0,55237000000.0,0.08612889457959882,-381000000.0,4066000000.0,5217000000.0,-1069000000.0,0.410012574662056,-0.0840144608613643,-0.0299434140207481,-0.09,4242000000.0,,-0.0898161244695898
INTC,2024Q2,2024-06-28,2024-08-02,INTC,30.774776,-0.2959974481408843,211.54219749365905,12833000000.0,55121000000.0,-0.008958220712024123,-1610000000.0,975000000.0,4547000000.0,-1964000000.0,0.354320891451726,-0.1530429361801605,-0.1254578040988077,-0.38,4267000000.0,,-0.3773142723224748
INTC,2024Q3,2024-09-30,2024-11-01,INTC,23.459999,-0.2376874164738031,161.2612790962002,13284000000.0,54247000000.0,-0.06173188303432686,-16639000000.0,-15961000000.0,1997000000.0,-9057000000.0,0.1503312255344775,-0.6817976513098465,-1.252559470039145,-3.88,4292000000.0,,-3.876747437092265
INTC,2024Q4,2024-12-31,2025-01-31,INTC,20.049999,-0.1453537998872037,137.82133940489663,14260000000.0,53101000000.0,-0.07438660262235497,-126000000.0,-18756000000.0,5584000000.0,412000000.0,0.3915848527349229,0.0288920056100981,-0.0088359046283309,,,,
INTC,2025Q1,2025-03-31,2025-04-25,INTC,22.709999,0.132668335793932,156.10586714063493,12667000000.0,53044000000.0,-0.0044797233574347395,-821000000.0,-19196000000.0,4672000000.0,-301000000.0,0.3688323991473908,-0.0237625325649325,-0.0648140838398989,-0.19,4343000000.0,,-0.1890398342159797
INTC,2025Q2,2025-06-30,2025-07-24,INTC,22.4,-0.0136503308520621,153.97497040621718,12859000000.0,53070000000.0,0.0020260266500429225,-2918000000.0,-20504000000.0,3542000000.0,-3176000000.0,0.2754491017964072,-0.246986546387744,-0.2269227778209814,-0.67,4369000000.0,,-0.6678873884184023
INTC,2025Q3,2025-09-30,2025-11-06,INTC,33.549999,0.4977678125,230.61875460507216,13653000000.0,53439000000.0,0.02777777777777768,4063000000.0,198000000.0,5218000000.0,683000000.0,0.3821870651138944,0.050025635391489,0.2975902732000293,0.9,4531000000.0,,0.8967115427058044
INTC,2025Q4,2025-12-31,2026-01-23,INTC,36.900002,0.0998510610983922,253.64628196157835,13674000000.0,52853000000.0,-0.04109396914446006,-591000000.0,-267000000.0,4943000000.0,580000000.0,0.3614889571449466,0.0424162644434693,-0.0432207108380868,,,,
INTC,2026Q1,2026-03-31,,INTC,44.130001,0.1959349216295436,303.3444463393453,,,,,,,,,,,,,,
META,2010Q3,,2013-02-01,,,,,,,,,,,,,,,,,293000000.0,
META,2011Q2,,2012-07-31,,,,,,,,,,,,,,,,,285000000.0,
META,2011Q3,,2012-10-24,,,,,,,,,,,,,,,,,136000000.0,
META,2011Q4,,2013-02-01,,,,,,,,,,,,,,,,,185000000.0,
META,2012Q1,,2013-05-02,,,,,,,,,,,,,,,,,453000000.0,
META,2012Q2,,2012-07-31,,,,,,,,,,,,,,,,,413000000.0,
META,2012Q3,,2012-10-24,,,,,,,,,,,,,,,,,171000000.0,
META,2012Q4,,2013-02-01,,,,,,,,,,,,,,,,,198000000.0,
META,2013Q1,,2013-05-02,,,,,,,,,,,,,,,,,327000000.0,
META,2013Q2,,2013-07-25,,,,,,,,,,,,,,,,,268000000.0,
META,2013Q3,,2013-11-01,,,,,,,,,,,,,,,,,284000000.0,
META,2013Q4,,2014-01-31,,,,,,,,,,,,,,,,,483000000.0,
META,2014Q1,,2014-04-25,,,,,,,,,,,,,,,,,363000000.0,
META,2014Q2,,2014-07-24,,,,,,,,,,,,,,,,,469000000.0,
META,2014Q3,,2014-10-30,,,,,,,,,,,,,,,,,482000000.0,
META,2014Q4,,2015-01-29,,,,,,,,,,,,,,,,,517000000.0,
META,2015Q1,,2015-04-23,,,,,,,,,,,,,,,,,502000000.0,
META,2015Q2,,2015-07-31,,,,,,,,,,,,,,,,,549000000.0,
META,2015Q3,,2015-11-05,,,,,,,,,,,,,,,,,780000000.0,
META,2015Q4,,2016-01-28,,,,,,,,,,,,,,,,,692000000.0,
META,2016Q1,,2016-04-28,,,,,,,,,,,,,,,,,1132000000.0,
META,2016Q2,,2016-07-28,,,,,,,,,,,,,,,,,995000000.0,
META,2016Q3,,2016-11-03,,,,,,,,,,,,,,,,,1095000000.0,
META,2016Q4,,2017-02-03,,,,,,,,,,,,,,,,,1269000000.0,
META,2017Q1,,2017-05-04,,,,,,,,,,,,,,,,,1271000000.0,
META,2017Q2,,2017-07-27,,,,,,,,,,,,,,,,,1444000000.0,
META,2017Q3,,2017-11-02,,,,,,,,,,,,,,,,,1755000000.0,
META,2017Q4,,2018-02-01,,,,,,,,,,,,,,,,,2263000000.0,
META,2018Q1,,2018-04-26,,,,,,,,,,,,,,,,,2812000000.0,
META,2018Q2,,2018-07-26,,,,,,,,,,,,,,,,,3460000000.0,
META,2018Q3,,2018-10-31,,,,,,,,,,,,,,,,,3342000000.0,
META,2018Q4,,2019-01-31,,,,,,,,,,,,,,,,,4301000000.0,
META,2019Q1,,2019-04-25,,,,,,,,,,,,,,,,,3837000000.0,
META,2019Q2,,2019-07-25,,,,,,,,,,,,,,,,,3633000000.0,
META,2019Q3,,2019-10-31,,,,,,,,,,,,,,,,,3532000000.0,
META,2019Q4,,2020-01-30,,,,,,,,,,,,,,,,,4100000000.0,
META,2020Q1,,2020-04-30,,,,,,,,,,,,,,,,,3558000000.0,
META,2020Q2,,2020-07-31,,,,,,,,,,,,,,,,,3255000000.0,
META,2020Q3,,2020-10-30,,,,,,,,,,,,,,,,,3689000000.0,
META,2020Q4,,2021-01-28,,,,,,,,,,,,,,,,,4613000000.0,
META,2021Q1,,2021-04-29,,,,,,,,,,,,,,,,,4272000000.0,
META,2021Q2,,2021-07-29,,,,,,,,,,,,,,,,,4612000000.0,
META,2021Q3,,2021-10-26,,,,,,,,,,,,,,,,,4314000000.0,
META,2021Q4,,2022-02-03,,,,,,,,,,,,,,,,,5369000000.0,
META,2022Q1,,2022-04-28,,,,,,,,,,,,,,,,,5441000000.0,
META,2022Q2,,2022-07-28,,,,,,,,,,,,,,,,,7572000000.0,
META,2022Q3,,2022-10-27,,,,,,,,,,,,,,,,,9375000000.0,
META,2022Q4,,2023-02-02,,,,,,,,,,,,,,,,,9043000000.0,
META,2023Q1,,2023-04-27,,,,,,,,,,,,,,,,,6842000000.0,
META,2023Q2,,2023-07-27,,,,,,,,,,,,,,,,,6216000000.0,
META,2023Q3,,2023-10-26,,,,,,,,,,,,,,,,,6543000000.0,
META,2023Q4,,2024-02-02,,,,,,,,,,,,,,,,,7665000000.0,
META,2024Q1,,2024-04-25,,,,,,,,,,,,,,,,,6400000000.0,
META,2024Q2,,2024-08-01,,,,,,,,,,,,,,,,,8173000000.0,
META,2024Q3,,2024-10-31,,,,,,,,,,,,,,,,,8258000000.0,
META,2024Q4,,2025-01-30,,,,,,,,,,,,,,,,,14425000000.0,
META,2025Q1,,2025-05-01,,,,,,,,,,,,,,,,,12941000000.0,
META,2025Q2,,2025-07-31,,,,,,,,,,,,,,,,,16538000000.0,
META,2025Q3,,2025-10-30,,,,,,,,,,,,,,,,,18829000000.0,
META,2025Q4,,2026-01-29,,,,,,,,,,,,,,,,,21383000000.0,
MSFT,2010Q1,,2010-04-22,,,,,,,,,,,,,,,,,408000000.0,
MSFT,2010Q2,,2010-07-30,,,,,,,,,,,,,,,,,758000000.0,
MSFT,2010Q3,,2010-10-28,,,,,,,,,,,,,,,,,564000000.0,
MSFT,2010Q4,,2012-01-27,,,,,,,,,,,,,,,,,491000000.0,
MSFT,2011Q1,,2011-04-28,,,,,,,,,,,,,,,,,658000000.0,
MSFT,2011Q2,,2011-07-28,,,,,,,,,,,,,,,,,642000000.0,
MSFT,2011Q3,,2011-10-20,,,,,,,,,,,,,,,,,436000000.0,
MSFT,2011Q4,,2012-01-27,,,,,,,,,,,,,,,,,498000000.0,
MSFT,2012Q1,,2012-04-19,,,,,,,,,,,,,,,,,749000000.0,
MSFT,2012Q2,,2012-07-26,,,,,,,,,,,,,,,,,622000000.0,
MSFT,2012Q3,,2012-10-18,,,,,,,,,,,,,,,,,603000000.0,
MSFT,2012Q4,,2013-01-24,,,,,,,,,,,,,,,,,930000000.0,
MSFT,2013Q1,,2013-04-18,,,,,,,,,,,,,,,,,930000000.0,
MSFT,2013Q2,,2013-07-30,,,,,,,,,,,,,,,,,1794000000.0,
MSFT,2013Q3,,2013-10-24,,,,,,,,,,,,,,,,,1231000000.0,
MSFT,2013Q4,,2014-01-23,,,,,,,,,,,,,,,,,1732000000.0,
MSFT,2014Q1,,2014-04-24,,,,,,,,,,,,,,,,,1192000000.0,
MSFT,2014Q2,,2014-07-31,,,,,,,,,,,,,,,,,1330000000.0,
MSFT,2014Q3,,2014-10-23,,,,,,,,,,,,,,,,,1282000000.0,
MSFT,2014Q4,,2015-01-26,,,,,,,,,,,,,,,,,1490000000.0,
MSFT,2015Q1,,2015-04-23,,,,,,,,,,,,,,,,,1391000000.0,
MSFT,2015Q2,,2015-07-31,,,,,,,,,,,,,,,,,1781000000.0,
MSFT,2015Q3,,2015-10-22,,,,,,,,,,,,,,,,,1356000000.0,
MSFT,2015Q4,,2016-01-28,,,,,,,,,,,,,,,,,2024000000.0,
MSFT,2016Q1,,2016-04-21,,,,,,,,,,,,,,,,,2308000000.0,
MSFT,2016Q2,,2016-07-28,,,,,,,,,,,,,,,,,2655000000.0,
MSFT,2016Q3,,2016-10-20,,,,,,,,,,,,,,,,,2163000000.0,
MSFT,2016Q4,,2017-01-26,,,,,,,,,,,,,,,,,1988000000.0,
MSFT,2017Q1,,2017-04-27,,,,,,,,,,,,,,,,,1695000000.0,
MSFT,2017Q2,,2017-08-02,,,,,,,,,,,,,,,,,2283000000.0,
MSFT,2017Q3,,2017-10-26,,,,,,,,,,,,,,,,,2132000000.0,
MSFT,2017Q4,,2018-01-31,,,,,,,,,,,,,,,,,2586000000.0,
MSFT,2018Q1,,2018-04-26,,,,,,,,,,,,,,,,,2934000000.0,
MSFT,2018Q2,,2018-08-03,,,,,,,,,,,,,,,,,3980000000.0,
MSFT,2018Q3,,2018-10-24,,,,,,,,,,,,,,,,,3602000000.0,
MSFT,2018Q4,,2019-01-30,,,,,,,,,,,,,,,,,3707000000.0,
MSFT,2019Q1,,2019-04-24,,,,,,,,,,,,,,,,,2565000000.0,
MSFT,2019Q2,,2019-08-01,,,,,,,,,,,,,,,,,4051000000.0,
MSFT,2019Q3,,2019-10-23,,,,,,,,,,,,,,,,,3385000000.0,
MSFT,2019Q4,,2020-01-29,,,,,,,,,,,,,,,,,3545000000.0,
MSFT,2020Q1,,2020-04-29,,,,,,,,,,,,,,,,,3767000000.0,
MSFT,2020Q2,,2020-07-30,,,,,,,,,,,,,,,,,4744000000.0,
MSFT,2020Q3,,2020-10-27,,,,,,,,,,,,,,,,,4907000000.0,
MSFT,2020Q4,,2021-01-26,,,,,,,,,,,,,,,,,4174000000.0,
MSFT,2021Q1,,2021-04-27,,,,,,,,,,,,,,,,,5089000000.0,
MSFT,2021Q2,,2021-07-29,,,,,,,,,,,,,,,,,6452000000.0,
MSFT,2021Q3,,2021-10-26,,,,,,,,,,,,,,,,,5810000000.0,
MSFT,2021Q4,,2022-01-25,,,,,,,,,,,,,,,,,5865000000.0,
MSFT,2022Q1,,2022-04-26,,,,,,,,,,,,,,,,,5340000000.0,
MSFT,2022Q2,,2022-07-28,,,,,,,,,,,,,,,,,6871000000.0,
MSFT,2022Q3,,2022-10-25,,,,,,,,,,,,,,,,,6283000000.0,
MSFT,2022Q4,,2023-01-24,,,,,,,,,,,,,,,,,6274000000.0,
MSFT,2023Q1,,2023-04-25,,,,,,,,,,,,,,,,,6607000000.0,
MSFT,2023Q2,,2023-07-27,,,,,,,,,,,,,,,,,8943000000.0,
MSFT,2023Q3,,2023-10-24,,,,,,,,,,,,,,,,,9917000000.0,
MSFT,2023Q4,,2024-01-30,,,,,,,,,,,,,,,,,9735000000.0,
MSFT,2024Q1,,2024-04-25,,,,,,,,,,,,,,,,,10952000000.0,
MSFT,2024Q2,,2024-07-30,,,,,,,,,,,,,,,,,13873000000.0,
MSFT,2024Q3,,2024-10-30,,,,,,,,,,,,,,,,,14923000000.0,
MSFT,2024Q4,,2025-01-29,,,,,,,,,,,,,,,,,15804000000.0,
MSFT,2025Q1,,2025-04-30,,,,,,,,,,,,,,,,,16745000000.0,
MSFT,2025Q2,,2025-07-30,,,,,,,,,,,,,,,,,17079000000.0,
MSFT,2025Q3,,2025-10-29,,,,,,,,,,,,,,,,,19394000000.0,
MSFT,2025Q4,,2026-01-28,,,,,,,,,,,,,,,,,29876000000.0,
NDX,2010Q1,2010-03-31,,^NDX,1958.339966,,100.0,,,,,,,,,,,,,,
NDX,2010Q2,2010-06-30,,^NDX,1739.140015,-0.111931510772221,88.8068489227779,,,,,,,,,,,,,,
NDX,2010Q3,2010-09-30,,^NDX,1998.040039,0.1488666937492091,102.02723090419737,,,,,,,,,,,,,,
NDX,2010Q4,2010-12-31,,^NDX,2217.860107,0.110017849347012,113.25204742310817,,,,,,,,,,,,,,
NDX,2011Q1,2011-03-31,,^NDX,2338.98999,0.0546156552515149,119.43738220169686,,,,,,,,,,,,,,
NDX,2011Q2,2011-06-30,,^NDX,2325.070068,-0.0059512533441838,118.72658008144845,,,,,,,,,,,,,,
NDX,2011Q3,2011-09-30,,^NDX,2139.179932,-0.0799503372214071,109.23434996679224,,,,,,,,,,,,,,
NDX,2011Q4,2011-12-30,,^NDX,2277.830078,0.0648146254206727,116.31433344296056,,,,,,,,,,,,,,
NDX,2012Q1,2012-03-30,,^NDX,2755.27002,0.2096029667055787,140.69416280298702,,,,,,,,,,,,,,
NDX,2012Q2,2012-06-29,,^NDX,2615.719971,-0.0506484112217792,133.56822698883738,,,,,,,,,,,,,,
NDX,2012Q3,2012-09-28,,^NDX,2799.189941,0.0701412888359982,142.93687457737357,,,,,,,,,,,,,,
NDX,2012Q4,2012-12-31,,^NDX,2660.929932,-0.0493928643336747,135.8768129230939,,,,,,,,,,,,,,
NDX,2013Q1,2013-03-28,,^NDX,2818.689941,0.0592875472227956,143.93261588575476,,,,,,,,,,,,,,
NDX,2013Q2,2013-06-28,,^NDX,2909.600098,0.0322526276046335,148.57482094607877,,,,,,,,,,,,,,
NDX,2013Q3,2013-09-30,,^NDX,3218.199951,0.1060626349346514,164.33305794056392,,,,,,,,,,,,,,
NDX,2013Q4,2013-12-31,,^NDX,3592.0,0.1161519031419562,183.42065536949778,,,,,,,,,,,,,,
NDX,2014Q1,2014-03-31,,^NDX,3595.73999,0.0010411998886414,183.61163293544305,,,,,,,,,,,,,,
NDX,2014Q2,2014-06-30,,^NDX,3849.47998,0.0705668348394679,196.56852471140348,,,,,,,,,,,,,,
NDX,2014Q3,2014-09-30,,^NDX,4049.449951,0.0519472687321262,206.77972268886435,,,,,,,,,,,,,,
NDX,2014Q4,2014-12-31,,^NDX,4236.279785,0.0461370892987238,216.31993721972583,,,,,,,,,,,,,,
NDX,2015Q1,2015-03-31,,^NDX,4333.689941,0.0229942687791571,221.2940559984466,,,,,,,,,,,,,,
NDX,2015Q2,2015-06-30,,^NDX,4396.759766,0.0145533773432455,224.51463189920932,,,,,,,,,,,,,,
NDX,2015Q3,2015-09-30,,^NDX,4181.060059,-0.0490587883986745,213.50021608045972,,,,,,,,,,,,,,
NDX,2015Q4,2015-12-31,,^NDX,4593.27002,0.0985898205677986,234.5491640750185,,,,,,,,,,,,,,
NDX,2016Q1,2016-03-31,,^NDX,4483.660156,-0.023863144017821,228.95208359343678,,,,,,,,,,,,,,
NDX,2016Q2,2016-06-30,,^NDX,4417.700195,-0.0147111865540773,225.58392677974902,,,,,,,,,,,,,,
NDX,2016Q3,2016-09-30,,^NDX,4875.700195,0.1036738528609002,248.97108161249682,,,,,,,,,,,,,,
NDX,2016Q4,2016-12-30,,^NDX,4863.620117,-0.0024776088596234,248.35422865490364,,,,,,,,,,,,,,
NDX,2017Q1,2017-03-31,,^NDX,5436.22998,0.1177332623077476,277.59378220236977,,,,,,,,,,,,,,
NDX,2017Q2,2017-06-30,,^NDX,5646.919922,0.0387566278055071,288.35238110031,,,,,,,,,,,,,,
NDX,2017Q3,2017-09-29,,^NDX,5979.299805,0.058860385412067,305.3249133863615,,,,,,,,,,,,,,
NDX,2017Q4,2017-12-29,,^NDX,6396.419922,0.0697606961690058,326.6245919019355,,,,,,,,,,,,,,
NDX,2018Q1,2018-03-29,,^NDX,6581.129883,0.0288770848775428,336.0565579653805,,,,,,,,,,,,,,
NDX,2018Q2,2018-06-29,,^NDX,7040.799805,0.0698466570592069,359.5289851220859,,,,,,,,,,,,,,
NDX,2018Q3,2018-09-28,,^NDX,7627.649902,0.0833499195053453,389.4956970918503,,,,,,,,,,,,,,
NDX,2018Q4,2018-12-31,,^NDX,6329.970215,-0.1701283755380203,323.23142686656496,,,,,,,,,,,,,,
NDX,2019Q1,2019-03-29,,^NDX,7378.77002,0.1656879526091101,376.78698020300743,,,,,,,,,,,,,,
NDX,2019Q2,2019-06-28,,^NDX,7671.080078,0.0396150113376212,391.7134006956176,,,,,,,,,,,,,,
NDX,2019Q3,2019-09-30,,^NDX,7749.450195,0.0102163080300463,395.715265456621,,,,,,,,,,,,,,
NDX,2019Q4,2019-12-31,,^NDX,8733.070312,0.1269277293548694,445.9425055720893,,,,,,,,,,,,,,
NDX,2020Q1,2020-03-31,,^NDX,7813.5,-0.1052974817729831,398.9858827198138,,,,,,,,,,,,,,
NDX,2020Q2,2020-06-30,,^NDX,10156.849609,0.2999103614257377,518.6458830100802,,,,,,,,,,,,,,
NDX,2020Q3,2020-09-30,,^NDX,11418.05957,0.1241733420845809,583.0478756618504,,,,,,,,,,,,,,
NDX,2020Q4,2020-12-31,,^NDX,12888.280273,0.1287627458927331,658.1227211189951,,,,,,,,,,,,,,
NDX,2021Q1,2021-03-31,,^NDX,13091.44043,0.0157631703141656,668.4968216596159,,,,,,,,,,,,,,
NDX,2021Q2,2021-06-30,,^NDX,14554.799805,0.1117798597354196,743.2213026183016,,,,,,,,,,,,,,
NDX,2021Q3,2021-09-30,,^NDX,14689.620117,0.0092629451319341,750.1057207653395,,,,,,,,,,,,,,
NDX,2021Q4,2021-12-31,,^NDX,16320.080078,0.110994018089896,833.3629687053021,,,,,,,,,,,,,,
NDX,2022Q1,2022-03-31,,^NDX,14838.490234,-0.0907832459717664,757.7075733335672,,,,,,,,,,,,,,
NDX,2022Q2,2022-06-30,,^NDX,11503.719727,-0.2247378577207884,587.4219965237642,,,,,,,,,,,,,,
NDX,2022Q3,2022-09-30,,^NDX,10971.219727,-0.0462893753183317,560.230599256432,,,,,,,,,,,,,,
NDX,2022Q4,2022-12-30,,^NDX,10939.759766,-0.0028674989456803,558.6241386037264,,,,,,,,,,,,,,
NDX,2023Q1,2023-03-31,,^NDX,13181.349609,0.2049030226391903,673.0879131228439,,,,,,,,,,,,,,
NDX,2023Q2,2023-06-30,,^NDX,15179.209961,0.1515672075517893,775.1059685517348,,,,,,,,,,,,,,
NDX,2023Q3,2023-09-29,,^NDX,14715.240234,-0.0305661314516419,751.4139776280302,,,,,,,,,,,,,,
NDX,2023Q4,2023-12-29,,^NDX,16825.929688,0.1434356096425248,859.1934996030213,,,,,,,,,,,,,,
NDX,2024Q1,2024-03-28,,^NDX,18254.689453,0.0849141647144151,932.151197949867,,,,,,,,,,,,,,
NDX,2024Q2,2024-06-28,,^NDX,19682.869141,0.078236317943239,1005.079275443844,,,,,,,,,,,,,,
NDX,2024Q3,2024-09-30,,^NDX,20060.689453,0.0191953880957826,1024.3721622030166,,,,,,,,,,,,,,
NDX,2024Q4,2024-12-31,,^NDX,21012.169922,0.0474300981144848,1072.9582343620527,,,,,,,,,,,,,,
NDX,2025Q1,2025-03-31,,^NDX,19278.449219,-0.0825103123302261,984.428115327552,,,,,,,,,,,,,,
NDX,2025Q2,2025-06-30,,^NDX,22679.009766,0.1763918097545189,1158.073172163409,,,,,,,,,,,,,,
NDX,2025Q3,2025-09-30,,^NDX,24679.990234,0.088230504270069,1260.2505521250253,,,,,,,,,,,,,,
NDX,2025Q4,2025-12-31,,^NDX,25249.849609,0.023089935190288,1289.3496556971168,,,,,,,,,,,,,,
NDX,2026Q1,2026-03-31,,^NDX,23740.189453,-0.0597888771369909,1212.2608875460205,,,,,,,,,,,,,,
NVDA,2010Q1,2010-03-31,2010-05-21,NVDA,0.398337,,100.0,1001813000.0,,,137594000.0,,456377000.0,147393000.0,0.4555510858812972,0.147126260090456,0.137344993526736,0.23,590997.0,,232.81674864677825
NVDA,2010Q2,2010-06-30,2010-08-30,NVDA,0.233737,-0.4132179536422677,58.67820463577323,811208000.0,,,-140961000.0,,134292000.0,-175207000.0,0.1655457046774686,-0.2159828305440774,-0.1737667774479541,-0.25,572764.0,,-246.10659887842112
NVDA,2010Q3,2010-09-30,2010-12-07,NVDA,0.267389,0.1439737824991336,67.12632770744369,843912000.0,,,84862000.0,,392062000.0,103783000.0,0.4645768753140137,0.1229784622093298,0.1005578780725952,0.15,582648.0,,145.6488308549931
NVDA,2010Q4,2010-12-31,2011-03-16,NVDA,0.352551,0.3184947772720643,88.50571249971757,886376000.0,3543309000.0,,171651000.0,253146000.0,426359000.0,179778000.0,0.4810137007319692,0.2028236324088197,0.1936548372248346,0.29,,,
NVDA,2011Q1,2011-03-31,2011-05-27,NVDA,0.422604,0.1987031663504002,106.09207781350965,962039000.0,3503535000.0,-0.03970202023730973,135219000.0,250771000.0,484503000.0,154862000.0,0.5036209550756259,0.1609726840595859,0.1405545929011193,0.22,613474.0,,220.4152091205169
NVDA,2011Q2,2011-06-30,2011-08-25,NVDA,0.364914,-0.1365107760456596,91.60936593889093,1016517000.0,3708844000.0,0.25309045275687625,151573000.0,543305000.0,525284000.0,174030000.0,0.5167488590943388,0.1712022523971561,0.1491101476905944,0.25,613934.0,,246.88810197838856
NVDA,2011Q3,2011-09-30,2011-11-22,NVDA,0.286391,-0.2151822073146001,71.89666036546943,1066180000.0,3931112000.0,0.26337817213169146,178273000.0,636716000.0,556717000.0,197090000.0,0.5221604231930819,0.1848562156483895,0.1672072257967697,0.29,613560000.0,,0.290555120933568
NVDA,2011Q4,2011-12-30,2012-03-13,NVDA,0.317296,0.10791191063965,79.65516635411724,953194000.0,3997930000.0,0.07538335875520086,116025000.0,581090000.0,490013000.0,122317000.0,0.5140747843565948,0.1283233003984498,0.1217223356420623,0.19,,,
NVDA,2012Q1,2012-03-30,2012-05-23,NVDA,0.352551,0.1111107609298571,88.50571249971756,924877000.0,3960768000.0,-0.0386283716148722,60437000.0,506308000.0,463364000.0,72826000.0,0.5010006736030845,0.0787412812730773,0.0653459865474003,0.1,623786000.0,,0.0968873940742498
NVDA,2012Q2,2012-06-29,2012-08-22,NVDA,0.31638,-0.102597922002774,79.4252103118716,1044270000.0,3988521000.0,0.02730205200700042,119046000.0,473781000.0,540719000.0,139623000.0,0.5177961638273627,0.1337039271452785,0.1139992530667356,0.19,623143000.0,,0.1910412216778492
NVDA,2012Q3,2012-09-28,2012-11-19,NVDA,0.305392,-0.034730387508692,76.66674197978094,1204110000.0,4126451000.0,0.12936839933219524,209080000.0,504588000.0,636658000.0,252217000.0,0.52873740771192,0.209463421116011,0.1736386210562158,0.33,628845000.0,,0.3324825672463007
NVDA,2012Q4,2012-12-31,2013-03-12,NVDA,0.282478,-0.0750314350081207,70.91432631164064,1106902000.0,4280159000.0,0.16125573597819542,173973000.0,562536000.0,585602000.0,183573000.0,0.5290459317988404,0.1658439500515854,0.1571710955441403,0.28,,,
NVDA,2013Q1,2013-03-28,2013-05-22,NVDA,0.297425,0.0529138552382839,74.66667670841522,954739000.0,4310021000.0,0.032287536612976675,77891000.0,579990000.0,518568000.0,82781000.0,0.5431515838360013,0.0867053718346061,0.0815835532014508,0.13,619302000.0,,0.1257722403609224
NVDA,2013Q2,2013-06-28,2013-08-21,NVDA,0.327128,0.0998671934101034,82.1234281525442,977238000.0,4242989000.0,-0.06419029561320344,96448000.0,557392000.0,545538000.0,105534000.0,0.5582447673954554,0.107992116557072,0.0986944838411932,0.16,592006000.0,,0.1629172677303946
NVDA,2013Q3,2013-09-30,2013-11-19,NVDA,0.364372,0.1138514587562056,91.47330024577178,1053967000.0,4092846000.0,-0.1246920962370548,118734000.0,467046000.0,584415000.0,140988000.0,0.5544907952526028,0.1337688940925095,0.1126543810195195,0.2,588752000.0,,0.201670652498845
NVDA,2013Q4,2013-12-31,2014-03-13,NVDA,0.377176,0.0351399119581088,94.68766396292587,1144218000.0,4130162000.0,0.03371210820831472,146917000.0,439990000.0,619242000.0,166924000.0,0.541192325238722,0.1458847876890592,0.1283994833152423,0.25,,,
NVDA,2014Q1,2014-03-31,2014-05-21,NVDA,0.423578,0.1230247947907607,106.33659439118132,1102787000.0,4278210000.0,0.15506646319046347,136516000.0,498615000.0,604202000.0,151359000.0,0.5478864005469778,0.13725134590814,0.1237918111113025,0.24,570422000.0,,0.2393245702304609
NVDA,2014Q2,2014-06-30,2014-08-20,NVDA,0.440497,0.039943056532681,110.58400299244107,1102824000.0,4403796000.0,0.128511171280691,127976000.0,530143000.0,618974000.0,163179000.0,0.5612627218849063,0.1479646797675785,0.1160439018374645,0.22,570572000.0,,0.2242942170313299
NVDA,2014Q3,2014-09-30,2014-11-19,NVDA,0.440298,-0.0004517624410609,110.5340452933069,1225382000.0,4575211000.0,0.16263791940354877,172967000.0,584376000.0,676698000.0,213315000.0,0.5522343236639676,0.1740804092111684,0.1411535341632242,0.31,558201000.0,,0.3098650844409092
NVDA,2014Q4,2014-12-31,2015-03-12,NVDA,0.480506,0.091319969656914,120.62801095554765,1250514000.0,4681507000.0,0.09289838125252348,193128000.0,630587000.0,699603000.0,231136000.0,0.5594523531923673,0.1848327967539747,0.1544388947264884,0.35,,,
NVDA,2015Q1,2015-03-31,2015-05-20,NVDA,0.503527,0.0479099116348182,126.40728830111183,1151000000.0,4729720000.0,0.043719231365621836,134000000.0,628071000.0,653000000.0,176000000.0,0.5673327541268463,0.1529105125977411,0.1164205039096437,0.24,568000000.0,,0.2359154929577464
NVDA,2015Q2,2015-06-30,2015-08-19,NVDA,0.486039,-0.0347310074732833,122.01703582644845,1153000000.0,4779896000.0,0.045497740346601034,26000000.0,526095000.0,634000000.0,76000000.0,0.5498699045967043,0.0659150043365134,0.0225498699045967,0.05,556000000.0,,0.0467625899280575
NVDA,2015Q3,2015-09-30,2015-11-18,NVDA,0.598273,0.2309156261123079,150.19267605068072,1305000000.0,4859514000.0,0.06497402442666855,246000000.0,599128000.0,734000000.0,245000000.0,0.5624521072796935,0.1877394636015325,0.1885057471264367,0.44,565000000.0,,0.4353982300884956
NVDA,2015Q4,2015-12-31,2016-03-17,NVDA,0.803,0.3421966226120851,201.58810253629466,1401000000.0,5010000000.0,0.12033931647306617,207000000.0,613000000.0,791000000.0,250000000.0,0.5645967166309779,0.1784439685938615,0.1477516059957173,0.35,,,
NVDA,2016Q1,2016-03-31,2016-05-25,NVDA,0.871211,0.0849452054794519,218.71204532845306,1305000000.0,5164000000.0,0.13379669852302345,196000000.0,675000000.0,751000000.0,245000000.0,0.5754789272030651,0.1877394636015325,0.150191570881226,0.33,597000000.0,,0.3283082077051926
NVDA,2016Q2,2016-06-30,2016-08-23,NVDA,1.152456,0.3228207632823736,289.31683474043336,1428000000.0,5439000000.0,0.238508239375542,253000000.0,902000000.0,826000000.0,317000000.0,0.5784313725490197,0.2219887955182072,0.1771708683473389,0.4,631000000.0,,0.4009508716323296
NVDA,2016Q3,2016-09-30,2016-11-22,NVDA,1.682871,0.4602475061954645,422.47418643008314,2004000000.0,6138000000.0,0.535632183908046,542000000.0,1198000000.0,1183000000.0,639000000.0,0.5903193612774451,0.3188622754491018,0.2704590818363273,0.83,653000000.0,,0.8300153139356815
NVDA,2016Q4,2016-12-30,2017-03-01,NVDA,2.625491,0.5601261178070094,659.1130123488404,2173000000.0,6910000000.0,0.5510349750178445,655000000.0,1646000000.0,1303000000.0,733000000.0,0.5996318453750575,0.3373216751035435,0.3014265991716521,0.99,,,
NVDA,2017Q1,2017-03-31,2019-02-21,NVDA,2.68274,0.0218050642717877,673.4850139454785,1937000000.0,7542000000.0,0.48429118773946356,507000000.0,1957000000.0,1150000000.0,554000000.0,0.5937016004130098,0.2860092927207021,0.261744966442953,0.79,641000000.0,,0.7909516380655226
NVDA,2017Q2,2017-06-30,2019-02-21,NVDA,3.563989,0.3284884111020822,894.7170360774925,2230000000.0,8344000000.0,0.561624649859944,583000000.0,2287000000.0,1302000000.0,688000000.0,0.5838565022421525,0.3085201793721973,0.2614349775784753,0.92,633000000.0,,0.9210110584518169
NVDA,2017Q3,2017-09-29,2019-02-21,NVDA,4.411285,0.2377381074969649,1107.425370979849,2636000000.0,8976000000.0,0.3153692614770458,838000000.0,2583000000.0,1569000000.0,895000000.0,0.5952200303490136,0.3395295902883156,0.3179059180576631,1.33,628000000.0,,1.3343949044585988
NVDA,2017Q4,2017-12-29,2019-02-21,NVDA,4.778077,0.0831485610202014,1199.5061970140862,2911000000.0,9714000000.0,0.3396226415094339,1118000000.0,3046000000.0,1801000000.0,1073000000.0,0.6186877361731363,0.3686018550326348,0.3840604603229131,1.78,,,
NVDA,2018Q1,2018-03-29,2019-02-21,NVDA,5.722182,0.1975909973824199,1436.5178228484929,3207000000.0,10984000000.0,0.6556530717604543,1244000000.0,3783000000.0,2068000000.0,1295000000.0,0.6448394137823511,0.4038041783598378,0.3879014655441222,1.98,627000000.0,,1.984051036682616
NVDA,2018Q2,2018-06-29,2019-02-21,NVDA,5.857001,0.0235607675533564,1470.36328535888,3123000000.0,11877000000.0,0.4004484304932736,1101000000.0,4301000000.0,1975000000.0,1157000000.0,0.6324047390329811,0.3704771053474223,0.3525456292026897,1.76,626000000.0,,1.7587859424920127
NVDA,2018Q3,2018-09-28,2019-02-21,NVDA,6.951604,0.1868879653597461,1745.1564880992728,3181000000.0,12422000000.0,0.20675265553869493,1230000000.0,4693000000.0,1921000000.0,1058000000.0,0.6038981452373468,0.3325998113800691,0.3866708582206853,1.97,625000000.0,,1.968
NVDA,2018Q4,2018-12-31,2019-02-21,NVDA,3.3057,-0.5244694605734159,829.8752061696503,2205000000.0,11716000000.0,-0.24252834077636554,567000000.0,4142000000.0,1207000000.0,294000000.0,0.5473922902494331,0.1333333333333333,0.2571428571428571,0.92,,,
NVDA,2019Q1,2019-03-29,2020-02-20,NVDA,4.450809,0.3464043924131046,1117.3476227415479,2220000000.0,10729000000.0,-0.3077642656688494,394000000.0,3292000000.0,1296000000.0,358000000.0,0.5837837837837838,0.1612612612612612,0.1774774774774774,0.64,616000000.0,,0.6396103896103896
NVDA,2019Q2,2019-06-28,2020-02-20,NVDA,4.075469,-0.0843307362773823,1023.1208750379703,2579000000.0,10185000000.0,-0.1741914825488312,552000000.0,2743000000.0,1541000000.0,571000000.0,0.5975184179914695,0.221403644823575,0.2140364482357503,0.9,616000000.0,,0.8961038961038961
NVDA,2019Q3,2019-09-30,2020-02-20,NVDA,4.323929,0.0609647625831528,1085.4951962785278,3014000000.0,10018000000.0,-0.05249921408362146,899000000.0,2412000000.0,1916000000.0,927000000.0,0.6357000663570007,0.3075646980756469,0.2982747179827472,1.45,618000000.0,,1.4546925566343043
NVDA,2019Q4,2019-12-31,2020-02-20,NVDA,5.849205,0.3527523231764446,1468.4061485626494,3105000000.0,10918000000.0,0.40816326530612246,950000000.0,2795000000.0,2015000000.0,990000000.0,0.6489533011272142,0.3188405797101449,0.3059581320450886,1.53,,,
NVDA,2020Q1,2020-03-31,2020-05-21,NVDA,6.556621,0.1209422477071668,1645.9984887168403,3080000000.0,11778000000.0,0.3873873873873874,917000000.0,3318000000.0,2004000000.0,976000000.0,0.6506493506493507,0.3168831168831169,0.2977272727272727,1.47,622000000.0,,1.4742765273311895
NVDA,2020Q2,2020-06-30,2020-08-19,NVDA,9.453956,0.4418945368353608,2373.3562285200724,3866000000.0,13065000000.0,0.49903063202791786,622000000.0,3388000000.0,2275000000.0,651000000.0,0.5884635281945163,0.1683911019141231,0.1608898085876875,0.99,626000000.0,,0.9936102236421726
NVDA,2020Q3,2020-09-30,2020-11-18,NVDA,13.472139,0.4250266237752746,3382.095813343978,4726000000.0,14777000000.0,0.5680159256801594,1336000000.0,3825000000.0,2960000000.0,1398000000.0,0.6263224714346171,0.2958104104951333,0.2826914938637325,2.12,630000000.0,,2.1206349206349207
NVDA,2020Q4,2020-12-31,2021-02-26,NVDA,13.002533,-0.0348575679036565,3264.2041788736683,5003000000.0,16675000000.0,0.6112721417069242,1457000000.0,4332000000.0,3157000000.0,1507000000.0,0.6310213871676994,0.3012192684389366,0.2912252648410953,,,,
NVDA,2021Q1,2021-03-31,2021-05-26,NVDA,13.299193,0.0228155544769623,3338.678807140689,5661000000.0,19256000000.0,0.8379870129870131,1912000000.0,5327000000.0,3629000000.0,1956000000.0,0.6410528175234057,0.3455219925808161,0.3377495142201024,3.03,632000000.0,,3.0253164556962027
NVDA,2021Q2,2021-06-30,2021-08-20,NVDA,19.933556,0.4988545545583103,5004.1939362901285,6507000000.0,21897000000.0,0.6831350232798759,2374000000.0,7079000000.0,4215000000.0,2444000000.0,0.6477639465191333,0.3755955125249731,0.3648378669125557,0.94,2532000000.0,,0.9375987361769352
NVDA,2021Q3,2021-09-30,2021-11-22,NVDA,20.648237,0.0358531613727124,5183.610109028287,7103000000.0,24274000000.0,0.502962336013542,2464000000.0,8207000000.0,4631000000.0,2671000000.0,0.6519780374489652,0.3760382936787273,0.3468956778825848,0.97,2538000000.0,,0.970843183609141
NVDA,2021Q4,2021-12-31,2022-03-18,NVDA,29.318378,0.4198973985042886,7360.194508669797,7643000000.0,26914000000.0,0.5276833899660205,3002000000.0,9752000000.0,5000000000.0,2970000000.0,0.6541933795629988,0.3885908674604213,0.3927777050896245,,,,
NVDA,2022Q1,2022-03-31,2022-05-27,NVDA,27.204706,-0.0720937563462752,6829.570439100563,8288000000.0,29541000000.0,0.46405228758169925,1618000000.0,9458000000.0,5431000000.0,1868000000.0,0.655284749034749,0.2253861003861003,0.1952220077220077,0.64,2537000000.0,,0.637761135199054
NVDA,2022Q2,2022-06-30,2022-08-31,NVDA,15.117033,-0.4443228682566906,3795.0361126382945,6704000000.0,29738000000.0,0.030275088366374714,656000000.0,7740000000.0,2915000000.0,499000000.0,0.4348150357995227,0.0744331742243436,0.0978520286396181,0.26,2516000000.0,,0.2607313195548489
NVDA,2022Q3,2022-09-30,2022-11-18,NVDA,12.10899,-0.1989836894581098,3039.8858253187636,5931000000.0,28566000000.0,-0.16500070392791777,680000000.0,5956000000.0,3177000000.0,601000000.0,0.5356600910470409,0.1013319844882819,0.114651829371101,0.27,2499000000.0,,0.272108843537415
NVDA,2022Q4,2022-12-30,2023-02-24,NVDA,14.5816,0.2041962211546957,3660.6190235905788,6051000000.0,26974000000.0,-0.20829517205285886,1414000000.0,4368000000.0,3833000000.0,1256000000.0,0.6334490166914559,0.2075689968600231,0.2336803834077012,,,,
NVDA,2023Q1,2023-03-31,2023-05-26,NVDA,27.720121,0.9010342486421244,6958.962135076583,7192000000.0,25878000000.0,-0.13223938223938225,2043000000.0,4793000000.0,4648000000.0,2140000000.0,0.646273637374861,0.2975528364849833,0.2840656284760845,0.82,2490000000.0,,0.8204819277108434
NVDA,2023Q2,2023-06-30,2023-08-28,NVDA,42.219761,0.5230727528209562,10599.00561584789,13507000000.0,32681000000.0,1.0147673031026252,6188000000.0,10325000000.0,9462000000.0,6800000000.0,0.7005256533649219,0.5034426593618124,0.4581328200192492,2.48,2499000000.0,,2.4761904761904763
NVDA,2023Q3,2023-09-29,2023-11-21,NVDA,43.417999,0.0283809754394395,10899.815733913749,18120000000.0,44870000000.0,2.055134041476985,9243000000.0,18888000000.0,13400000000.0,10417000000.0,0.739514348785872,0.5748896247240618,0.5100993377483444,3.71,2494000000.0,,3.706094627105052
NVDA,2023Q4,2023-12-29,2024-02-21,NVDA,49.434135,0.1385631797540922,12410.128860738523,22103000000.0,60922000000.0,2.6527846636919516,12286000000.0,29760000000.0,16791000000.0,13615000000.0,0.759670632945754,0.6159797312582003,0.5558521467674071,,,,
NVDA,2024Q1,2024-03-28,2024-05-29,NVDA,90.199921,0.8246485146346751,22644.12319217146,26044000000.0,79774000000.0,2.621245828698554,14881000000.0,42598000000.0,20406000000.0,16909000000.0,0.7835201965903855,0.6492474274305022,0.5713792044232837,5.98,2489000000.0,,5.978706307754118
NVDA,2024Q2,2024-06-28,2024-08-28,NVDA,123.336708,0.3673704658787893,30962.90527869619,30040000000.0,96307000000.0,1.2240319834160065,16599000000.0,53009000000.0,22574000000.0,18642000000.0,0.7514647137150466,0.620572569906791,0.5525632490013316,0.67,24848000000.0,,0.6680215711526079
NVDA,2024Q3,2024-09-30,2024-11-20,NVDA,121.250542,-0.0169143966449956,30439.18641753089,35082000000.0,113269000000.0,0.9360927152317882,19309000000.0,63075000000.0,26156000000.0,21869000000.0,0.7455675275069836,0.6233681090017673,0.550396214582977,0.78,24774000000.0,,0.77940582869137
NVDA,2024Q4,2024-12-31,2025-02-26,NVDA,134.089737,0.1058897947029384,33662.38561820771,39331000000.0,130497000000.0,0.7794417047459621,22091000000.0,72880000000.0,28722000000.0,24033000000.0,0.7302636597086268,0.6110447229920419,0.5616689125626096,,,,
NVDA,2025Q1,2025-03-31,2025-05-28,NVDA,108.228325,-0.1928664533065645,27170.040694186082,44062000000.0,148515000000.0,0.6918292121025955,18775000000.0,76774000000.0,26668000000.0,21638000000.0,0.6052380736235304,0.4910807498524805,0.4261041260042667,0.76,24611000000.0,,0.7628702612652879
NVDA,2025Q2,2025-06-30,2025-08-27,NVDA,157.779846,0.4578424455889898,39609.63857236461,46743000000.0,165218000000.0,0.5560252996005326,26422000000.0,86597000000.0,33853000000.0,28440000000.0,0.724236784117408,0.6084333483088377,0.5652611086151937,1.08,24532000000.0,,1.0770422305560086
NVDA,2025Q3,2025-09-30,2025-11-19,NVDA,186.342331,0.1810274615174869,46780.07089474491,57006000000.0,187142000000.0,0.6249358645459211,31910000000.0,99198000000.0,41849000000.0,36010000000.0,0.7341157071185489,0.6316878925025436,0.5597656387046978,1.3,24483000000.0,,1.3033533472205203
NVDA,2025Q4,2025-12-31,2026-02-25,NVDA,186.272797,-0.0003731519275671,46762.614821118805,68127000000.0,215938000000.0,0.7321451272533117,42960000000.0,120067000000.0,51093000000.0,44299000000.0,0.7499669734466511,0.6502414608011508,0.630586991941521,,,,
NVDA,2026Q1,2026-03-31,,NVDA,174.196976,-0.0648286877874066,43731.05586475775,,,,,,,,,,,,,,
SOX,2010Q1,2010-03-31,,^SOX,366.392731,,100.0,,,,,,,,,,,,,,
SOX,2010Q2,2010-06-30,,^SOX,332.139282,-0.0934883421581855,90.65116578418146,,,,,,,,,,,,,,
SOX,2010Q3,2010-09-30,,^SOX,349.071075,0.0509779900108293,95.2723800079975,,,,,,,,,,,,,,
SOX,2010Q4,2010-12-31,,^SOX,411.62085,0.1791892238564882,112.34416383659098,,,,,,,,,,,,,,
SOX,2011Q1,2011-03-31,,^SOX,437.148468,0.0620173103476171,119.31144671098839,,,,,,,,,,,,,,
SOX,2011Q2,2011-06-30,,^SOX,410.15155,-0.0617568628880565,111.94314605548222,,,,,,,,,,,,,,
SOX,2011Q3,2011-09-30,,^SOX,338.656128,-0.1743146454036318,92.42981624545386,,,,,,,,,,,,,,
SOX,2011Q4,2011-12-30,,^SOX,364.263733,0.0756153598968685,99.41893006605528,,,,,,,,,,,,,,
SOX,2012Q1,2012-03-30,,^SOX,438.427887,0.2036001591187777,119.66064004692278,,,,,,,,,,,,,,
SOX,2012Q2,2012-06-29,,^SOX,385.27356,-0.121238471767194,105.15316691694956,,,,,,,,,,,,,,
SOX,2012Q3,2012-09-28,,^SOX,382.085114,-0.0082757975917163,104.28294059141695,,,,,,,,,,,,,,
SOX,2012Q4,2012-12-31,,^SOX,384.059998,0.0051687017568551,104.82194800966182,,,,,,,,,,,,,,
SOX,2013Q1,2013-03-28,,^SOX,436.660004,0.1369577833513398,119.1781296556345,,,,,,,,,,,,,,
SOX,2013Q2,2013-06-28,,^SOX,468.429993,0.0727568101245197,127.84915020598488,,,,,,,,,,,,,,
SOX,2013Q3,2013-09-30,,^SOX,490.829987,0.0478192992223707,133.9628069750107,,,,,,,,,,,,,,
SOX,2013Q4,2013-12-31,,^SOX,535.030029,0.0900516332959908,146.02637654402594,,,,,,,,,,,,,,
SOX,2014Q1,2014-03-31,,^SOX,586.73999,0.0966487079176634,160.13963715890424,,,,,,,,,,,,,,
SOX,2014Q2,2014-06-30,,^SOX,635.929993,0.0838361179370097,173.56512266614808,,,,,,,,,,,,,,
SOX,2014Q3,2014-09-30,,^SOX,638.47998,0.0040098549023774,174.2610936241527,,,,,,,,,,,,,,
SOX,2014Q4,2014-12-31,,^SOX,686.869995,0.0757894006324209,187.4682374634774,,,,,,,,,,,,,,
SOX,2015Q1,2015-03-31,,^SOX,695.47998,0.0125351013476719,189.8181708195515,,,,,,,,,,,,,,
SOX,2015Q2,2015-06-30,,^SOX,680.539978,-0.0214815701812148,185.7405784614215,,,,,,,,,,,,,,
SOX,2015Q3,2015-09-30,,^SOX,602.72998,-0.1143356753686556,164.5038039796701,,,,,,,,,,,,,,
SOX,2015Q4,2015-12-31,,^SOX,663.47998,0.1007914024784364,181.08437309581885,,,,,,,,,,,,,,
SOX,2016Q1,2016-03-31,,^SOX,676.890015,0.0202116648644017,184.74438975701182,,,,,,,,,,,,,,
SOX,2016Q2,2016-06-30,,^SOX,691.669983,0.0218351100953972,188.77830384686317,,,,,,,,,,,,,,
SOX,2016Q3,2016-09-30,,^SOX,835.599976,0.2080905584130286,228.0612865106213,,,,,,,,,,,,,,
SOX,2016Q4,2016-12-30,,^SOX,906.469971,0.0848133042550494,247.4039177922446,,,,,,,,,,,,,,
SOX,2017Q1,2017-03-31,,^SOX,1011.400024,0.1157567888147945,276.0426008560743,,,,,,,,,,,,,,
SOX,2017Q2,2017-06-30,,^SOX,1034.910034,0.023245016256792,282.45921560054086,,,,,,,,,,,,,,
SOX,2017Q3,2017-09-29,,^SOX,1171.73999,0.132214348595252,319.80437679589227,,,,,,,,,,,,,,
SOX,2017Q4,2017-12-29,,^SOX,1253.050049,0.0693925782971698,341.9964270524788,,,,,,,,,,,,,,
SOX,2018Q1,2018-03-29,,^SOX,1328.900024,0.0605322788666999,362.6982501462345,,,,,,,,,,,,,,
SOX,2018Q2,2018-06-29,,^SOX,1313.699951,-0.0114380861806651,358.54967630348546,,,,,,,,,,,,,,
SOX,2018Q3,2018-09-28,,^SOX,1366.73999,0.0403745459224729,373.02595667488833,,,,,,,,,,,,,,
SOX,2018Q4,2018-12-31,,^SOX,1155.170044,-0.1547989724073267,315.28192190035566,,,,,,,,,,,,,,
SOX,2019Q1,2019-03-29,,^SOX,1395.51001,0.20805591977418,380.87819214950537,,,,,,,,,,,,,,
SOX,2019Q2,2019-06-28,,^SOX,1458.959961,0.0454672130943725,398.1956620749663,,,,,,,,,,,,,,
SOX,2019Q3,2019-09-30,,^SOX,1558.75,0.0683980655175773,425.43147505838493,,,,,,,,,,,,,,
SOX,2019Q4,2019-12-31,,^SOX,1849.619995,0.1866046479550922,504.8189656906705,,,,,,,,,,,,,,
SOX,2020Q1,2020-03-31,,^SOX,1510.589966,-0.1832971258509778,412.2871002045072,,,,,,,,,,,,,,
SOX,2020Q2,2020-06-30,,^SOX,1996.439941,0.3216292878513667,544.890706633588,,,,,,,,,,,,,,
SOX,2020Q3,2020-09-30,,^SOX,2244.120117,0.1240609200975706,612.4903490511664,,,,,,,,,,,,,,
SOX,2020Q4,2020-12-31,,^SOX,2795.5,0.2456998085009369,762.97911052171,,,,,,,,,,,,,,
SOX,2021Q1,2021-03-31,,^SOX,3124.939941,0.1178465179753174,852.8935419845984,,,,,,,,,,,,,,
SOX,2021Q2,2021-06-30,,^SOX,3345.310059,0.0705197930714405,913.0394180773203,,,,,,,,,,,,,,
SOX,2021Q3,2021-09-30,,^SOX,3258.090088,-0.0260723130178469,889.2343685715756,,,,,,,,,,,,,,
SOX,2021Q4,2021-12-31,,^SOX,3946.169922,0.2111911627411082,1077.032808819562,,,,,,,,,,,,,,
SOX,2022Q1,2022-03-31,,^SOX,3429.0,-0.1310561714833322,935.8810123337303,,,,,,,,,,,,,,
SOX,2022Q2,2022-06-30,,^SOX,2556.25,-0.2545202682997959,697.6803259778646,,,,,,,,,,,,,,
SOX,2022Q3,2022-09-30,,^SOX,2306.699951,-0.0976234910513447,629.5703369180653,,,,,,,,,,,,,,
SOX,2022Q4,2022-12-30,,^SOX,2532.110107,0.0977197558365925,691.09179652366,,,,,,,,,,,,,,
SOX,2023Q1,2023-03-31,,^SOX,3230.860107,0.2759556142792965,881.8024577567293,,,,,,,,,,,,,,
SOX,2023Q2,2023-06-30,,^SOX,3673.060059,0.1368675638545682,1002.4926119508636,,,,,,,,,,,,,,
SOX,2023Q3,2023-09-29,,^SOX,3434.290039,-0.065005748929955,937.3248289142509,,,,,,,,,,,,,,
SOX,2023Q4,2023-12-29,,^SOX,4175.470215,0.2158175831345385,1139.6160081025193,,,,,,,,,,,,,,
SOX,2024Q1,2024-03-28,,^SOX,4905.209961,0.1747682796008161,1338.7847372441463,,,,,,,,,,,,,,
SOX,2024Q2,2024-06-28,,^SOX,5472.259766,0.1156015358177244,1493.5503089988983,,,,,,,,,,,,,,
SOX,2024Q3,2024-09-30,,^SOX,5173.060059,-0.0546757134701415,1411.8893802508333,,,,,,,,,,,,,,
SOX,2024Q4,2024-12-31,,^SOX,4979.930176,-0.0373337793873079,1359.1782136092656,,,,,,,,,,,,,,
SOX,2025Q1,2025-03-31,,^SOX,4270.430176,-0.142471877099668,1165.53354220338,,,,,,,,,,,,,,
SOX,2025Q2,2025-06-30,,^SOX,5546.540039,0.2988246641220813,1513.823711475325,,,,,,,,,,,,,,
SOX,2025Q3,2025-09-30,,^SOX,6369.819824,0.1484312344653029,1738.5224337324541,,,,,,,,,,,,,,
SOX,2025Q4,2025-12-31,,^SOX,7083.129883,0.111982768541178,1933.206989032761,,,,,,,,,,,,,,
SOX,2026Q1,2026-03-31,,^SOX,7588.200195,0.0713060921291595,2071.056424697466,,,,,,,,,,,,,,
