ticker,calendar_quarter,capex,diluted_shares,eps_diluted,gross_profit,net_income,operating_income,revenue,gross_margin,operating_margin,net_margin,eps_diluted_calc
AMD,2010Q1,,754000000.0,0.35,741000000.0,257000000.0,182000000.0,1574000000.0,0.4707750952986023,0.1156289707750953,0.16327827191867852,0.34084880636604775
AMD,2010Q2,,709000000.0,-0.06,738000000.0,-43000000.0,125000000.0,1653000000.0,0.44646098003629764,0.07562008469449485,-0.02601330913490623,-0.06064880112834979
AMD,2010Q3,,713000000.0,-0.17,739000000.0,-118000000.0,128000000.0,1618000000.0,0.45673671199011123,0.07911001236093942,-0.07292954264524104,-0.16549789621318373
AMD,2010Q4,,758000000.0,0.5,743000000.0,375000000.0,413000000.0,1649000000.0,0.45057610673135234,0.2504548211036992,0.22741055184960582,0.4947229551451187
AMD,2011Q1,,764000000.0,0.68,691000000.0,510000000.0,54000000.0,1613000000.0,0.4283942963422195,0.03347799132052077,0.3161810291382517,0.6675392670157068
AMD,2011Q2,,743000000.0,0.08,720000000.0,61000000.0,105000000.0,1574000000.0,0.45743329097839897,0.06670902160101652,0.03875476493011436,0.08209959623149395
AMD,2011Q3,,741000000.0,0.13,756000000.0,97000000.0,138000000.0,1690000000.0,0.44733727810650886,0.08165680473372781,0.05739644970414201,0.13090418353576247
AMD,2011Q4,,732000000.0,-0.24,773000000.0,-177000000.0,71000000.0,1691000000.0,0.4571259609698403,0.041986989946777055,-0.10467179183914843,-0.24180327868852458
AMD,2012Q1,,734000000.0,-0.8,27000000.0,-590000000.0,-580000000.0,1585000000.0,0.017034700315457414,-0.3659305993690852,-0.3722397476340694,-0.8038147138964578
AMD,2012Q2,,755000000.0,0.05,638000000.0,37000000.0,77000000.0,1413000000.0,0.45152158527954706,0.05449398443029016,0.026185421089879687,0.04900662251655629
AMD,2012Q3,,745000000.0,-0.21,392000000.0,-157000000.0,-131000000.0,1269000000.0,0.30890464933018125,-0.10323089046493301,-0.12371946414499606,-0.21073825503355706
AMD,2012Q4,,747000000.0,-0.63,178000000.0,-473000000.0,-422000000.0,1155000000.0,0.15411255411255412,-0.36536796536796534,-0.4095238095238095,-0.6331994645247657
AMD,2013Q1,,749000000.0,-0.19,445000000.0,-146000000.0,-98000000.0,1088000000.0,0.40900735294117646,-0.0900735294117647,-0.13419117647058823,-0.19492656875834447
AMD,2013Q2,,752000000.0,-0.1,459000000.0,-74000000.0,-29000000.0,1161000000.0,0.3953488372093023,-0.024978466838931956,-0.06373815676141258,-0.09840425531914894
AMD,2013Q3,,764000000.0,0.06,521000000.0,48000000.0,95000000.0,1461000000.0,0.35660506502395617,0.0650239561943874,0.03285420944558522,0.06282722513089005
AMD,2013Q4,,766000000.0,0.12,553000000.0,89000000.0,135000000.0,1589000000.0,0.34801762114537443,0.08495909376966645,0.05601006922592826,0.11618798955613577
AMD,2014Q1,,761000000.0,-0.03,487000000.0,-20000000.0,49000000.0,1397000000.0,0.34860415175375803,0.03507516105941303,-0.014316392269148175,-0.026281208935611037
AMD,2014Q2,,764000000.0,-0.05,498000000.0,-36000000.0,63000000.0,1441000000.0,0.34559333795975017,0.04371963913948647,-0.02498265093684941,-0.04712041884816754
AMD,2014Q3,,785000000.0,0.02,494000000.0,17000000.0,63000000.0,1429000000.0,0.3456962911126662,0.044086773967809655,0.011896431070678797,0.02165605095541401
AMD,2014Q4,,776000000.0,-0.47,360000000.0,-364000000.0,-330000000.0,1239000000.0,0.29055690072639223,-0.26634382566585957,-0.2937853107344633,-0.4690721649484536
AMD,2015Q1,,777000000.0,-0.23,326000000.0,-180000000.0,-137000000.0,1030000000.0,0.31650485436893205,-0.13300970873786408,-0.17475728155339806,-0.23166023166023167
AMD,2015Q2,,778000000.0,-0.23,232000000.0,-181000000.0,-137000000.0,942000000.0,0.24628450106157113,-0.1454352441613588,-0.1921443736730361,-0.2326478149100257
AMD,2015Q3,,785000000.0,-0.25,239000000.0,-197000000.0,-158000000.0,1061000000.0,0.22525918944392084,-0.14891611687087652,-0.18567389255419417,-0.25095541401273885
AMD,2015Q4,,791000000.0,-0.13,283000000.0,-102000000.0,-49000000.0,958000000.0,0.2954070981210856,-0.0511482254697286,-0.10647181628392484,-0.12895069532237674
AMD,2016Q1,,793000000.0,-0.14,269000000.0,-109000000.0,-68000000.0,832000000.0,0.3233173076923077,-0.08173076923076923,-0.1310096153846154,-0.13745271122320302
AMD,2016Q2,,821000000.0,0.08,319000000.0,69000000.0,-8000000.0,1027000000.0,0.31061343719571566,-0.007789678675754625,0.06718597857838364,0.08404384896467722
AMD,2016Q3,,815000000.0,-0.5,59000000.0,-406000000.0,-293000000.0,1307000000.0,0.045141545524101,-0.22417750573833206,-0.31063504208110176,-0.498159509202454
AMD,2016Q4,,931000000.0,-0.06,351000000.0,-51000000.0,-3000000.0,1106000000.0,0.31735985533453887,-0.0027124773960217,-0.0461121157323689,-0.05477980665950591
AMD,2017Q1,,939000000.0,-0.08,331000000.0,-73000000.0,-29000000.0,1178000000.0,0.28098471986417656,-0.02461799660441426,-0.06196943972835314,-0.0777422790202343
AMD,2017Q2,,945000000.0,-0.02,404000000.0,-16000000.0,25000000.0,1151000000.0,0.3509991311902693,0.021720243266724587,-0.013900955690703735,-0.016931216931216932
AMD,2017Q3,,1042000000.0,0.07,573000000.0,71000000.0,126000000.0,1584000000.0,0.36174242424242425,0.07954545454545454,0.04482323232323232,0.06813819577735125
AMD,2017Q4,,1037000000.0,0.06,515000000.0,61000000.0,82000000.0,1340000000.0,0.3843283582089552,0.06119402985074627,0.04552238805970149,0.058823529411764705
AMD,2018Q1,,1039000000.0,0.08,597000000.0,81000000.0,120000000.0,1647000000.0,0.36247723132969034,0.07285974499089254,0.04918032786885246,0.07795957651588066
AMD,2018Q2,,1147000000.0,0.11,652000000.0,116000000.0,153000000.0,1756000000.0,0.3712984054669704,0.08712984054669703,0.06605922551252848,0.1011333914559721
AMD,2018Q3,,1076000000.0,0.09,661000000.0,102000000.0,150000000.0,1653000000.0,0.3998790078644888,0.09074410163339383,0.06170598911070781,0.09479553903345725
AMD,2018Q4,,1079000000.0,0.04,537000000.0,38000000.0,28000000.0,1419000000.0,0.3784355179704017,0.019732205778717406,0.026779422128259338,0.03521779425393883
AMD,2019Q1,,1094000000.0,0.01,521000000.0,16000000.0,38000000.0,1272000000.0,0.40959119496855345,0.029874213836477988,0.012578616352201259,0.014625228519195612
AMD,2019Q2,,1109000000.0,0.03,621000000.0,35000000.0,59000000.0,1531000000.0,0.40561724363161333,0.038536903984323974,0.022860875244937948,0.031559963931469794
AMD,2019Q3,,1117000000.0,0.11,777000000.0,120000000.0,186000000.0,1801000000.0,0.4314269850083287,0.10327595780122155,0.06662965019433648,0.10743061772605192
AMD,2019Q4,,1188000000.0,0.15,949000000.0,170000000.0,348000000.0,2127000000.0,0.4461683121767748,0.16361071932299012,0.07992477668077104,0.14309764309764308
AMD,2020Q1,,1224000000.0,0.14,818000000.0,162000000.0,177000000.0,1786000000.0,0.458006718924972,0.09910414333706608,0.09070548712206047,0.1323529411764706
AMD,2020Q2,,1227000000.0,0.13,848000000.0,157000000.0,173000000.0,1932000000.0,0.4389233954451346,0.08954451345755693,0.08126293995859213,0.12795436022819887
AMD,2020Q3,,1215000000.0,0.32,1230000000.0,390000000.0,449000000.0,2801000000.0,0.4391288825419493,0.1602998928953945,0.13923598714744734,0.32098765432098764
AMD,2020Q4,,1226000000.0,1.45,1451000000.0,1781000000.0,570000000.0,3244000000.0,0.4472872996300863,0.17570900123304561,0.5490135635018496,1.4526916802610115
AMD,2021Q1,,1231000000.0,0.45,1587000000.0,555000000.0,662000000.0,3445000000.0,0.4606676342525399,0.19216255442670538,0.16110304789550073,0.45085296506904954
AMD,2021Q2,,1232000000.0,0.58,1830000000.0,710000000.0,831000000.0,3850000000.0,0.4753246753246753,0.21584415584415584,0.18441558441558442,0.5762987012987013
AMD,2021Q3,,1230000000.0,0.75,2086000000.0,923000000.0,948000000.0,4313000000.0,0.48365406909343844,0.21980060282865754,0.21400417342916764,0.7504065040650406
AMD,2021Q4,,,,2426000000.0,974000000.0,1207000000.0,4826000000.0,0.5026937422295897,0.25010360547036886,0.2018234562784915,
AMD,2022Q1,,1410000000.0,0.56,2818000000.0,786000000.0,951000000.0,5887000000.0,0.4786818413453372,0.16154238151860031,0.13351452352641413,0.5574468085106383
AMD,2022Q2,,1632000000.0,0.27,3028000000.0,447000000.0,526000000.0,6550000000.0,0.4622900763358779,0.08030534351145038,0.0682442748091603,0.27389705882352944
AMD,2022Q3,,1625000000.0,0.04,2354000000.0,66000000.0,-64000000.0,5565000000.0,0.4230008984725966,-0.011500449236298293,0.011859838274932614,0.040615384615384616
AMD,2022Q4,,,,2403000000.0,21000000.0,-149000000.0,5599000000.0,0.42918378281836045,-0.02661189498124665,0.0037506697624575818,
AMD,2023Q1,,1611000000.0,-0.09,2359000000.0,-139000000.0,-145000000.0,5353000000.0,0.4406874649729124,-0.02708761442181954,-0.025966747618158044,-0.08628181253879579
AMD,2023Q2,,1627000000.0,0.02,2443000000.0,27000000.0,-20000000.0,5359000000.0,0.4558686322075014,-0.003732039559619332,0.005038253405486098,0.016594960049170254
AMD,2023Q3,,1629000000.0,0.18,2747000000.0,299000000.0,224000000.0,5800000000.0,0.4736206896551724,0.038620689655172416,0.051551724137931035,0.18354818907305095
AMD,2023Q4,,,,2911000000.0,667000000.0,342000000.0,6168000000.0,0.4719520103761349,0.05544747081712062,0.10813878080415046,
AMD,2024Q1,,1639000000.0,0.07,2560000000.0,123000000.0,36000000.0,5473000000.0,0.46775077653937513,0.006577745295084963,0.02247396309154029,0.075045759609518
AMD,2024Q2,,1637000000.0,0.16,2864000000.0,265000000.0,269000000.0,5835000000.0,0.4908311910882605,0.04610111396743787,0.04541559554413025,0.16188149053145998
AMD,2024Q3,,1636000000.0,0.47,3419000000.0,771000000.0,724000000.0,6819000000.0,0.5013931661533949,0.1061739257955712,0.11306643202815662,0.4712713936430318
AMD,2024Q4,,,,3882000000.0,482000000.0,871000000.0,7658000000.0,0.5069208670671194,0.11373726821624446,0.06294071559153826,
AMD,2025Q1,,1626000000.0,0.44,3736000000.0,709000000.0,806000000.0,7438000000.0,0.5022855606345792,0.10836246302769562,0.0953213229362732,0.4360393603936039
AMD,2025Q2,,1630000000.0,0.54,3059000000.0,872000000.0,-134000000.0,7685000000.0,0.39804814573845154,-0.017436564736499675,0.11346779440468445,0.5349693251533743
AMD,2025Q3,,1641000000.0,0.75,4780000000.0,1243000000.0,1270000000.0,9246000000.0,0.5169803158122431,0.13735669478693488,0.1344365130867402,0.7574649603900061
AMD,2025Q4,,,,5577000000.0,1511000000.0,1752000000.0,10270000000.0,0.5430379746835443,0.1705939629990263,0.14712755598831548,
AMZN,2010Q1,140000000.0,,,,,,,,,,
AMZN,2010Q2,196000000.0,,,,,,,,,,
AMZN,2010Q3,315000000.0,,,,,,,,,,
AMZN,2010Q4,328000000.0,,,,,,,,,,
AMZN,2011Q1,298000000.0,,,,,,,,,,
AMZN,2011Q2,433000000.0,,,,,,,,,,
AMZN,2011Q3,529000000.0,,,,,,,,,,
AMZN,2011Q4,550000000.0,,,,,,,,,,
AMZN,2012Q1,386000000.0,,,,,,,,,,
AMZN,2012Q2,657000000.0,,,,,,,,,,
AMZN,2012Q3,716000000.0,,,,,,,,,,
AMZN,2012Q4,2026000000.0,,,,,,,,,,
AMZN,2013Q1,670000000.0,,,,,,,,,,
AMZN,2013Q2,855000000.0,,,,,,,,,,
AMZN,2013Q3,1038000000.0,,,,,,,,,,
AMZN,2013Q4,879000000.0,,,,,,,,,,
AMZN,2014Q1,1080000000.0,,,,,,,,,,
AMZN,2014Q2,1290000000.0,,,,,,,,,,
AMZN,2014Q3,1378000000.0,,,,,,,,,,
AMZN,2014Q4,1145000000.0,,,,,,,,,,
AMZN,2015Q1,871000000.0,,,,,,,,,,
AMZN,2015Q2,1213000000.0,,,,,,,,,,
AMZN,2015Q3,1195000000.0,,,,,,,,,,
AMZN,2015Q4,1309000000.0,,,,,,,,,,
AMZN,2016Q1,1179000000.0,,,,,,,,,,
AMZN,2016Q2,1711000000.0,,,,,,,,,,
AMZN,2016Q3,1841000000.0,,,,,,,,,,
AMZN,2016Q4,2006000000.0,,,,,,,,,,
AMZN,2017Q1,1861000000.0,,,,,,,,,,
AMZN,2017Q2,3401000000.0,,,,,,,,,,
AMZN,2017Q3,3074000000.0,,,,,,,,,,
AMZN,2017Q4,3619000000.0,,,,,,,,,,
AMZN,2018Q1,3098000000.0,,,,,,,,,,
AMZN,2018Q2,3243000000.0,,,,,,,,,,
AMZN,2018Q3,3352000000.0,,,,,,,,,,
AMZN,2018Q4,3734000000.0,,,,,,,,,,
AMZN,2019Q1,3290000000.0,,,,,,,,,,
AMZN,2019Q2,3562000000.0,,,,,,,,,,
AMZN,2019Q3,4697000000.0,,,,,,,,,,
AMZN,2019Q4,5312000000.0,,,,,,,,,,
AMZN,2020Q1,6795000000.0,,,,,,,,,,
AMZN,2020Q2,7459000000.0,,,,,,,,,,
AMZN,2020Q3,11063000000.0,,,,,,,,,,
AMZN,2020Q4,14823000000.0,,,,,,,,,,
AMZN,2021Q1,12082000000.0,,,,,,,,,,
AMZN,2021Q2,14288000000.0,,,,,,,,,,
AMZN,2021Q3,15748000000.0,,,,,,,,,,
AMZN,2021Q4,18935000000.0,,,,,,,,,,
AMZN,2022Q1,14951000000.0,,,,,,,,,,
AMZN,2022Q2,15724000000.0,,,,,,,,,,
AMZN,2022Q3,16378000000.0,,,,,,,,,,
AMZN,2022Q4,16592000000.0,,,,,,,,,,
AMZN,2023Q1,14207000000.0,,,,,,,,,,
AMZN,2023Q2,11455000000.0,,,,,,,,,,
AMZN,2023Q3,12479000000.0,,,,,,,,,,
AMZN,2023Q4,14588000000.0,,,,,,,,,,
AMZN,2024Q1,14925000000.0,,,,,,,,,,
AMZN,2024Q2,17620000000.0,,,,,,,,,,
AMZN,2024Q3,22620000000.0,,,,,,,,,,
AMZN,2024Q4,27834000000.0,,,,,,,,,,
AMZN,2025Q1,25019000000.0,,,,,,,,,,
AMZN,2025Q2,32183000000.0,,,,,,,,,,
AMZN,2025Q3,35095000000.0,,,,,,,,,,
AMZN,2025Q4,39522000000.0,,,,,,,,,,
GOOGL,2010Q1,239000000.0,,,,,,,,,,
GOOGL,2010Q2,476000000.0,,,,,,,,,,
GOOGL,2010Q3,758000000.0,,,,,,,,,,
GOOGL,2010Q4,2545000000.0,,,,,,,,,,
GOOGL,2011Q1,890000000.0,,,,,,,,,,
GOOGL,2011Q2,917000000.0,,,,,,,,,,
GOOGL,2011Q3,680000000.0,,,,,,,,,,
GOOGL,2011Q4,951000000.0,,,,,,,,,,
GOOGL,2012Q1,607000000.0,,,,,,,,,,
GOOGL,2012Q2,774000000.0,,,,,,,,,,
GOOGL,2012Q3,872000000.0,,,,,,,,,,
GOOGL,2012Q4,1020000000.0,,,,,,,,,,
GOOGL,2013Q1,1203000000.0,,,,,,,,,,
GOOGL,2013Q2,1611000000.0,,,,,,,,,,
GOOGL,2013Q3,2289000000.0,,,,,,,,,,
GOOGL,2013Q4,2255000000.0,,,,,,,,,,
GOOGL,2014Q1,2345000000.0,,,,,,,,,,
GOOGL,2014Q2,2646000000.0,,,,,,,,,,
GOOGL,2014Q3,2417000000.0,,,,,,,,,,
GOOGL,2014Q4,3551000000.0,,,,,,,,,,
GOOGL,2015Q1,2927000000.0,,,,,,,,,,
GOOGL,2015Q2,2515000000.0,,,,,,,,,,
GOOGL,2015Q3,2373000000.0,,,,,,,,,,
GOOGL,2015Q4,2100000000.0,,,,,,,,,,
GOOGL,2016Q1,2428000000.0,,,,,,,,,,
GOOGL,2016Q2,2123000000.0,,,,,,,,,,
GOOGL,2016Q3,2583000000.0,,,,,,,,,,
GOOGL,2016Q4,3078000000.0,,,,,,,,,,
GOOGL,2017Q1,2508000000.0,,,,,,,,,,
GOOGL,2017Q2,2831000000.0,,,,,,,,,,
GOOGL,2017Q3,3538000000.0,,,,,,,,,,
GOOGL,2017Q4,4307000000.0,,,,,,,,,,
GOOGL,2018Q1,7299000000.0,,,,,,,,,,
GOOGL,2018Q2,5477000000.0,,,,,,,,,,
GOOGL,2018Q3,5282000000.0,,,,,,,,,,
GOOGL,2018Q4,7081000000.0,,,,,,,,,,
GOOGL,2019Q1,4638000000.0,,,,,,,,,,
GOOGL,2019Q2,6126000000.0,,,,,,,,,,
GOOGL,2019Q3,6732000000.0,,,,,,,,,,
GOOGL,2019Q4,6052000000.0,,,,,,,,,,
GOOGL,2020Q1,6005000000.0,,,,,,,,,,
GOOGL,2020Q2,5391000000.0,,,,,,,,,,
GOOGL,2020Q3,5406000000.0,,,,,,,,,,
GOOGL,2020Q4,5479000000.0,,,,,,,,,,
GOOGL,2021Q1,5942000000.0,,,,,,,,,,
GOOGL,2021Q2,5496000000.0,,,,,,,,,,
GOOGL,2021Q3,6819000000.0,,,,,,,,,,
GOOGL,2021Q4,6383000000.0,,,,,,,,,,
GOOGL,2022Q1,9786000000.0,,,,,,,,,,
GOOGL,2022Q2,6828000000.0,,,,,,,,,,
GOOGL,2022Q3,7276000000.0,,,,,,,,,,
GOOGL,2022Q4,7595000000.0,,,,,,,,,,
GOOGL,2023Q1,6289000000.0,,,,,,,,,,
GOOGL,2023Q2,6888000000.0,,,,,,,,,,
GOOGL,2023Q3,8055000000.0,,,,,,,,,,
GOOGL,2023Q4,11019000000.0,,,,,,,,,,
GOOGL,2024Q1,12012000000.0,,,,,,,,,,
GOOGL,2024Q2,13186000000.0,,,,,,,,,,
GOOGL,2024Q3,13061000000.0,,,,,,,,,,
GOOGL,2024Q4,14276000000.0,,,,,,,,,,
GOOGL,2025Q1,17197000000.0,,,,,,,,,,
GOOGL,2025Q2,22446000000.0,,,,,,,,,,
GOOGL,2025Q3,23953000000.0,,,,,,,,,,
GOOGL,2025Q4,27851000000.0,,,,,,,,,,
INTC,2010Q1,,5681000000.0,0.43,6529000000.0,2442000000.0,3448000000.0,10299000000.0,0.6339450432080784,0.3347897854160598,0.23711039906787068,0.42985389896145043
INTC,2010Q2,,5711000000.0,0.51,7235000000.0,2887000000.0,3981000000.0,10765000000.0,0.672085462145843,0.3698095680445889,0.268183929400836,0.5055156715111189
INTC,2010Q3,,5694000000.0,0.52,7321000000.0,2955000000.0,4136000000.0,11102000000.0,0.659430733201225,0.37254548729958564,0.26616825797153665,0.5189673340358272
INTC,2010Q4,,,,7406000000.0,3180000000.0,4023000000.0,11457000000.0,0.6464170376189229,0.3511390416339356,0.27755957056821157,
INTC,2011Q1,,5606000000.0,0.56,7885000000.0,3160000000.0,4158000000.0,12847000000.0,0.6137619677745777,0.3236553280921616,0.24597182221530317,0.5636817695326436
INTC,2011Q2,,5441000000.0,0.54,7902000000.0,2954000000.0,3935000000.0,13032000000.0,0.606353591160221,0.30194904849600984,0.22667280540208717,0.5429149053482816
INTC,2011Q3,,5340000000.0,0.65,9018000000.0,3468000000.0,4785000000.0,14233000000.0,0.6335979765334083,0.33619054310405394,0.2436591020866999,0.6494382022471911
INTC,2011Q4,,,,8952000000.0,3360000000.0,4599000000.0,13887000000.0,0.6446316699071074,0.3311730395333765,0.24195290559516094,
INTC,2012Q1,,5192000000.0,0.53,8265000000.0,2738000000.0,3810000000.0,12906000000.0,0.6403998140399814,0.2952115295211529,0.21214938788160545,0.5273497688751926
INTC,2012Q2,,5199000000.0,0.54,8554000000.0,2827000000.0,3832000000.0,13501000000.0,0.6335826975779572,0.2838308273461225,0.20939189689652618,0.543758415079823
INTC,2012Q3,,5153000000.0,0.58,8515000000.0,2972000000.0,3841000000.0,13457000000.0,0.6327561863714052,0.28542765846771195,0.22085160139704244,0.5767514069474092
INTC,2012Q4,,,,7817000000.0,2468000000.0,3155000000.0,13477000000.0,0.5800252281665059,0.2341025450767975,0.183126808636937,
INTC,2013Q1,,5080000000.0,0.4,7066000000.0,2045000000.0,2519000000.0,12580000000.0,0.5616852146263911,0.20023847376788553,0.1625596184419714,0.40255905511811024
INTC,2013Q2,,5106000000.0,0.39,7470000000.0,2000000000.0,2719000000.0,12811000000.0,0.5830926547498244,0.212239481695418,0.1561158379517602,0.39169604386995693
INTC,2013Q3,,5100000000.0,0.58,8414000000.0,2950000000.0,3504000000.0,13483000000.0,0.6240450938218497,0.2598828153971668,0.21879403693540014,0.5784313725490197
INTC,2013Q4,,,,8571000000.0,2625000000.0,3549000000.0,13834000000.0,0.6195605031082839,0.2565418534046552,0.18974989157149053,
INTC,2014Q1,,5117000000.0,0.38,7613000000.0,1930000000.0,2510000000.0,12764000000.0,0.596443121278596,0.19664681917894078,0.15120651833281104,0.37717412546413914
INTC,2014Q2,,5123000000.0,0.55,8917000000.0,2796000000.0,3844000000.0,13831000000.0,0.6447111560986191,0.2779263972236281,0.20215458029065145,0.5457739605699785
INTC,2014Q3,,5045000000.0,0.66,9458000000.0,3317000000.0,4540000000.0,14554000000.0,0.6498557097705098,0.3119417342311392,0.2279098529613852,0.6574826560951437
INTC,2014Q4,,,,9621000000.0,3661000000.0,4453000000.0,14721000000.0,0.6535561442836764,0.3024930371578018,0.24869234427009035,
INTC,2015Q1,,4914000000.0,0.41,7730000000.0,1992000000.0,2615000000.0,12781000000.0,0.6048040059463266,0.20460057898443001,0.15585634926844535,0.4053724053724054
INTC,2015Q2,,4909000000.0,0.55,8248000000.0,2706000000.0,2896000000.0,13195000000.0,0.6250852595680182,0.21947707464948843,0.2050776809397499,0.5512324302301894
INTC,2015Q3,,4876000000.0,0.64,9111000000.0,3109000000.0,4192000000.0,14465000000.0,0.6298651918423781,0.28980297269270655,0.21493259592118907,0.6376127973748975
INTC,2015Q4,,,,9590000000.0,3613000000.0,4299000000.0,14914000000.0,0.6430199812256939,0.28825264851817084,0.24225559876625988,
INTC,2016Q1,,4875000000.0,0.42,8130000000.0,2046000000.0,2568000000.0,13702000000.0,0.5933440373668077,0.18741789519778135,0.1493212669683258,0.4196923076923077
INTC,2016Q2,,4866000000.0,0.27,7973000000.0,1330000000.0,1318000000.0,13533000000.0,0.5891524421783788,0.09739156136850662,0.09827828271632306,0.27332511302918205
INTC,2016Q3,,4877000000.0,0.69,9983000000.0,3378000000.0,4462000000.0,15778000000.0,0.6327164406135125,0.282798833819242,0.2140955761186462,0.6926389173672339
INTC,2016Q4,,,,10105000000.0,3562000000.0,4526000000.0,16374000000.0,0.6171369243923293,0.2764138267985831,0.21754000244289728,
INTC,2017Q1,,4881000000.0,0.61,9147000000.0,2964000000.0,3599000000.0,14796000000.0,0.6182076236820763,0.24324141659908083,0.2003244120032441,0.6072526121696373
INTC,2017Q2,,4845000000.0,0.58,9098000000.0,2808000000.0,3827000000.0,14763000000.0,0.61627040574409,0.25922915396599605,0.19020524283682178,0.5795665634674922
INTC,2017Q3,,4821000000.0,0.94,10057000000.0,4516000000.0,5115000000.0,16149000000.0,0.6227630193820051,0.31673787850640905,0.2796457985014552,0.9367351171956025
INTC,2017Q4,,,,10767000000.0,-687000000.0,5395000000.0,17053000000.0,0.6313845071248461,0.31636662170879026,-0.04028616665689322,
INTC,2018Q1,,4790000000.0,0.93,9731000000.0,4454000000.0,4470000000.0,16066000000.0,0.6056890327399477,0.27822731233661147,0.2772314203908876,0.9298538622129436
INTC,2018Q2,,4747000000.0,1.05,10419000000.0,5006000000.0,5273000000.0,16962000000.0,0.6142553944110364,0.3108713595094918,0.29513029123924067,1.0545607752264587
INTC,2018Q3,,4648000000.0,1.38,12360000000.0,6398000000.0,7349000000.0,19163000000.0,0.6449929551740333,0.3834994520690915,0.33387256692584666,1.3765060240963856
INTC,2018Q4,,,,11227000000.0,5195000000.0,6224000000.0,18657000000.0,0.6017580532775901,0.33360132925979524,0.2784477675939326,
INTC,2019Q1,,4564000000.0,0.87,9089000000.0,3974000000.0,4174000000.0,16061000000.0,0.5659049872361621,0.25988419151983067,0.2474316667704377,0.8707274320771253
INTC,2019Q2,,4523000000.0,0.92,9878000000.0,4179000000.0,4617000000.0,16505000000.0,0.598485307482581,0.27973341411693425,0.253196001211754,0.9239442847667477
INTC,2019Q3,,4433000000.0,1.35,11295000000.0,5990000000.0,6447000000.0,19190000000.0,0.5885878061490359,0.3359562272016675,0.31214174048983845,1.3512294157455447
INTC,2019Q4,,,,11878000000.0,6905000000.0,6797000000.0,20209000000.0,0.587757929635311,0.3363352961551784,0.34167944975011133,
INTC,2020Q1,,4312000000.0,1.31,12016000000.0,5661000000.0,7038000000.0,19828000000.0,0.6060117006253782,0.35495259229372605,0.28550534597538835,1.312847866419295
INTC,2020Q2,,4284000000.0,1.19,10507000000.0,5105000000.0,5697000000.0,19728000000.0,0.5325932684509327,0.2887773722627737,0.2587692619626926,1.1916433239962652
INTC,2020Q3,,4211000000.0,1.02,9741000000.0,4276000000.0,5059000000.0,18333000000.0,0.5313369333987891,0.27595047182676047,0.233240604374625,1.015435763476609
INTC,2020Q4,,,,11348000000.0,5857000000.0,5884000000.0,19978000000.0,0.568024827310041,0.2945239763740114,0.29317248973871257,
INTC,2021Q1,,4096000000.0,0.82,10854000000.0,3361000000.0,3694000000.0,19673000000.0,0.5517206323387384,0.18777004015655976,0.17084328775479082,0.820556640625
INTC,2021Q2,,4084000000.0,1.24,11206000000.0,5061000000.0,5546000000.0,19631000000.0,0.5708318475879985,0.28251235291121185,0.25780653048749425,1.2392262487757102
INTC,2021Q3,,4086000000.0,1.67,10746000000.0,6823000000.0,5227000000.0,19192000000.0,0.5599208003334722,0.2723530637765736,0.35551271363067943,1.6698482623592756
INTC,2021Q4,,,,11009000000.0,4623000000.0,4989000000.0,20528000000.0,0.5362918939984411,0.24303390491036633,0.2252045985970382,
INTC,2022Q1,,4107000000.0,1.98,9244000000.0,8113000000.0,4341000000.0,18353000000.0,0.5036778728273307,0.23652808805099984,0.4420530703427233,1.975407840272705
INTC,2022Q2,,4100000000.0,-0.11,5587000000.0,-454000000.0,-700000000.0,15321000000.0,0.3646628810129887,-0.045688923699497425,-0.02963253051367404,-0.11073170731707317
INTC,2022Q3,,4125000000.0,0.25,6535000000.0,1019000000.0,-175000000.0,15338000000.0,0.426065979919155,-0.011409571000130394,0.06643630199504498,0.24703030303030302
INTC,2022Q4,,,,5500000000.0,-664000000.0,-1132000000.0,14042000000.0,0.3916820965674405,-0.08061529696624413,-0.04728671129468737,
INTC,2023Q1,,4154000000.0,-0.66,4008000000.0,-2758000000.0,-1468000000.0,11715000000.0,0.3421254801536492,-0.12530943235168587,-0.23542466922748612,-0.6639383726528647
INTC,2023Q2,,4196000000.0,0.35,4638000000.0,1481000000.0,-1016000000.0,12949000000.0,0.358174376399722,-0.07846165727083172,0.114371766159549,0.35295519542421355
INTC,2023Q3,,4229000000.0,0.07,6018000000.0,297000000.0,-8000000.0,14158000000.0,0.42506003672835146,-0.0005650515609549371,0.02097753920045204,0.07022936864506976
INTC,2023Q4,,,,7047000000.0,2669000000.0,2585000000.0,15406000000.0,0.45741918732961184,0.16779176944047774,0.1732441905751006,
INTC,2024Q1,,4242000000.0,-0.09,5217000000.0,-381000000.0,-1069000000.0,12724000000.0,0.410012574662056,-0.08401446086136435,-0.029943414020748193,-0.08981612446958982
INTC,2024Q2,,4267000000.0,-0.38,4547000000.0,-1610000000.0,-1964000000.0,12833000000.0,0.354320891451726,-0.15304293618016052,-0.12545780409880777,-0.37731427232247483
INTC,2024Q3,,4292000000.0,-3.88,1997000000.0,-16639000000.0,-9057000000.0,13284000000.0,0.15033122553447756,-0.6817976513098465,-1.252559470039145,-3.8767474370922645
INTC,2024Q4,,,,5584000000.0,-126000000.0,412000000.0,14260000000.0,0.3915848527349229,0.028892005610098175,-0.008835904628330995,
INTC,2025Q1,,4343000000.0,-0.19,4672000000.0,-821000000.0,-301000000.0,12667000000.0,0.36883239914739085,-0.023762532564932503,-0.06481408383989895,-0.18903983421597972
INTC,2025Q2,,4369000000.0,-0.67,3542000000.0,-2918000000.0,-3176000000.0,12859000000.0,0.2754491017964072,-0.246986546387744,-0.22692277782098141,-0.6678873884184023
INTC,2025Q3,,4531000000.0,0.9,5218000000.0,4063000000.0,683000000.0,13653000000.0,0.3821870651138944,0.05002563539148905,0.2975902732000293,0.8967115427058044
INTC,2025Q4,,,,4943000000.0,-591000000.0,580000000.0,13674000000.0,0.3614889571449466,0.04241626444346936,-0.04322071083808688,
META,2010Q3,293000000.0,,,,,,,,,,
META,2011Q2,285000000.0,,,,,,,,,,
META,2011Q3,136000000.0,,,,,,,,,,
META,2011Q4,185000000.0,,,,,,,,,,
META,2012Q1,453000000.0,,,,,,,,,,
META,2012Q2,413000000.0,,,,,,,,,,
META,2012Q3,171000000.0,,,,,,,,,,
META,2012Q4,198000000.0,,,,,,,,,,
META,2013Q1,327000000.0,,,,,,,,,,
META,2013Q2,268000000.0,,,,,,,,,,
META,2013Q3,284000000.0,,,,,,,,,,
META,2013Q4,483000000.0,,,,,,,,,,
META,2014Q1,363000000.0,,,,,,,,,,
META,2014Q2,469000000.0,,,,,,,,,,
META,2014Q3,482000000.0,,,,,,,,,,
META,2014Q4,517000000.0,,,,,,,,,,
META,2015Q1,502000000.0,,,,,,,,,,
META,2015Q2,549000000.0,,,,,,,,,,
META,2015Q3,780000000.0,,,,,,,,,,
META,2015Q4,692000000.0,,,,,,,,,,
META,2016Q1,1132000000.0,,,,,,,,,,
META,2016Q2,995000000.0,,,,,,,,,,
META,2016Q3,1095000000.0,,,,,,,,,,
META,2016Q4,1269000000.0,,,,,,,,,,
META,2017Q1,1271000000.0,,,,,,,,,,
META,2017Q2,1444000000.0,,,,,,,,,,
META,2017Q3,1755000000.0,,,,,,,,,,
META,2017Q4,2263000000.0,,,,,,,,,,
META,2018Q1,2812000000.0,,,,,,,,,,
META,2018Q2,3460000000.0,,,,,,,,,,
META,2018Q3,3342000000.0,,,,,,,,,,
META,2018Q4,4301000000.0,,,,,,,,,,
META,2019Q1,3837000000.0,,,,,,,,,,
META,2019Q2,3633000000.0,,,,,,,,,,
META,2019Q3,3532000000.0,,,,,,,,,,
META,2019Q4,4100000000.0,,,,,,,,,,
META,2020Q1,3558000000.0,,,,,,,,,,
META,2020Q2,3255000000.0,,,,,,,,,,
META,2020Q3,3689000000.0,,,,,,,,,,
META,2020Q4,4613000000.0,,,,,,,,,,
META,2021Q1,4272000000.0,,,,,,,,,,
META,2021Q2,4612000000.0,,,,,,,,,,
META,2021Q3,4314000000.0,,,,,,,,,,
META,2021Q4,5369000000.0,,,,,,,,,,
META,2022Q1,5441000000.0,,,,,,,,,,
META,2022Q2,7572000000.0,,,,,,,,,,
META,2022Q3,9375000000.0,,,,,,,,,,
META,2022Q4,9043000000.0,,,,,,,,,,
META,2023Q1,6842000000.0,,,,,,,,,,
META,2023Q2,6216000000.0,,,,,,,,,,
META,2023Q3,6543000000.0,,,,,,,,,,
META,2023Q4,7665000000.0,,,,,,,,,,
META,2024Q1,6400000000.0,,,,,,,,,,
META,2024Q2,8173000000.0,,,,,,,,,,
META,2024Q3,8258000000.0,,,,,,,,,,
META,2024Q4,14425000000.0,,,,,,,,,,
META,2025Q1,12941000000.0,,,,,,,,,,
META,2025Q2,16538000000.0,,,,,,,,,,
META,2025Q3,18829000000.0,,,,,,,,,,
META,2025Q4,21383000000.0,,,,,,,,,,
MSFT,2010Q1,408000000.0,,,,,,,,,,
MSFT,2010Q2,758000000.0,,,,,,,,,,
MSFT,2010Q3,564000000.0,,,,,,,,,,
MSFT,2010Q4,491000000.0,,,,,,,,,,
MSFT,2011Q1,658000000.0,,,,,,,,,,
MSFT,2011Q2,642000000.0,,,,,,,,,,
MSFT,2011Q3,436000000.0,,,,,,,,,,
MSFT,2011Q4,498000000.0,,,,,,,,,,
MSFT,2012Q1,749000000.0,,,,,,,,,,
MSFT,2012Q2,622000000.0,,,,,,,,,,
MSFT,2012Q3,603000000.0,,,,,,,,,,
MSFT,2012Q4,930000000.0,,,,,,,,,,
MSFT,2013Q1,930000000.0,,,,,,,,,,
MSFT,2013Q2,1794000000.0,,,,,,,,,,
MSFT,2013Q3,1231000000.0,,,,,,,,,,
MSFT,2013Q4,1732000000.0,,,,,,,,,,
MSFT,2014Q1,1192000000.0,,,,,,,,,,
MSFT,2014Q2,1330000000.0,,,,,,,,,,
MSFT,2014Q3,1282000000.0,,,,,,,,,,
MSFT,2014Q4,1490000000.0,,,,,,,,,,
MSFT,2015Q1,1391000000.0,,,,,,,,,,
MSFT,2015Q2,1781000000.0,,,,,,,,,,
MSFT,2015Q3,1356000000.0,,,,,,,,,,
MSFT,2015Q4,2024000000.0,,,,,,,,,,
MSFT,2016Q1,2308000000.0,,,,,,,,,,
MSFT,2016Q2,2655000000.0,,,,,,,,,,
MSFT,2016Q3,2163000000.0,,,,,,,,,,
MSFT,2016Q4,1988000000.0,,,,,,,,,,
MSFT,2017Q1,1695000000.0,,,,,,,,,,
MSFT,2017Q2,2283000000.0,,,,,,,,,,
MSFT,2017Q3,2132000000.0,,,,,,,,,,
MSFT,2017Q4,2586000000.0,,,,,,,,,,
MSFT,2018Q1,2934000000.0,,,,,,,,,,
MSFT,2018Q2,3980000000.0,,,,,,,,,,
MSFT,2018Q3,3602000000.0,,,,,,,,,,
MSFT,2018Q4,3707000000.0,,,,,,,,,,
MSFT,2019Q1,2565000000.0,,,,,,,,,,
MSFT,2019Q2,4051000000.0,,,,,,,,,,
MSFT,2019Q3,3385000000.0,,,,,,,,,,
MSFT,2019Q4,3545000000.0,,,,,,,,,,
MSFT,2020Q1,3767000000.0,,,,,,,,,,
MSFT,2020Q2,4744000000.0,,,,,,,,,,
MSFT,2020Q3,4907000000.0,,,,,,,,,,
MSFT,2020Q4,4174000000.0,,,,,,,,,,
MSFT,2021Q1,5089000000.0,,,,,,,,,,
MSFT,2021Q2,6452000000.0,,,,,,,,,,
MSFT,2021Q3,5810000000.0,,,,,,,,,,
MSFT,2021Q4,5865000000.0,,,,,,,,,,
MSFT,2022Q1,5340000000.0,,,,,,,,,,
MSFT,2022Q2,6871000000.0,,,,,,,,,,
MSFT,2022Q3,6283000000.0,,,,,,,,,,
MSFT,2022Q4,6274000000.0,,,,,,,,,,
MSFT,2023Q1,6607000000.0,,,,,,,,,,
MSFT,2023Q2,8943000000.0,,,,,,,,,,
MSFT,2023Q3,9917000000.0,,,,,,,,,,
MSFT,2023Q4,9735000000.0,,,,,,,,,,
MSFT,2024Q1,10952000000.0,,,,,,,,,,
MSFT,2024Q2,13873000000.0,,,,,,,,,,
MSFT,2024Q3,14923000000.0,,,,,,,,,,
MSFT,2024Q4,15804000000.0,,,,,,,,,,
MSFT,2025Q1,16745000000.0,,,,,,,,,,
MSFT,2025Q2,17079000000.0,,,,,,,,,,
MSFT,2025Q3,19394000000.0,,,,,,,,,,
MSFT,2025Q4,29876000000.0,,,,,,,,,,
NVDA,2010Q1,,590997.0,0.23,456377000.0,137594000.0,147393000.0,1001813000.0,0.4555510858812972,0.147126260090456,0.13734499352673601,232.81674864677825
NVDA,2010Q2,,572764.0,-0.25,134292000.0,-140961000.0,-175207000.0,811208000.0,0.16554570467746865,-0.21598283054407746,-0.17376677744795416,-246.10659887842112
NVDA,2010Q3,,582648.0,0.15,392062000.0,84862000.0,103783000.0,843912000.0,0.46457687531401376,0.12297846220932988,0.10055787807259525,145.64883085499307
NVDA,2010Q4,,,0.29,426359000.0,171651000.0,179778000.0,886376000.0,0.48101370073196925,0.20282363240881973,0.19365483722483462,
NVDA,2011Q1,,613474.0,0.22,484503000.0,135219000.0,154862000.0,962039000.0,0.5036209550756259,0.16097268405958595,0.14055459290111938,220.41520912051692
NVDA,2011Q2,,613934.0,0.25,525284000.0,151573000.0,174030000.0,1016517000.0,0.5167488590943388,0.17120225239715617,0.14911014769059444,246.88810197838856
NVDA,2011Q3,,613560000.0,0.29,556717000.0,178273000.0,197090000.0,1066180000.0,0.5221604231930819,0.18485621564838958,0.16720722579676978,0.29055512093356806
NVDA,2011Q4,,,0.19,490013000.0,116025000.0,122317000.0,953194000.0,0.5140747843565948,0.12832330039844983,0.12172233564206238,
NVDA,2012Q1,,623786000.0,0.1,463364000.0,60437000.0,72826000.0,924877000.0,0.5010006736030845,0.07874128127307739,0.06534598654740036,0.09688739407424982
NVDA,2012Q2,,623143000.0,0.19,540719000.0,119046000.0,139623000.0,1044270000.0,0.5177961638273627,0.1337039271452785,0.11399925306673561,0.19104122167784923
NVDA,2012Q3,,628845000.0,0.33,636658000.0,209080000.0,252217000.0,1204110000.0,0.52873740771192,0.209463421116011,0.1736386210562158,0.33248256724630076
NVDA,2012Q4,,,0.28,585602000.0,173973000.0,183573000.0,1106902000.0,0.5290459317988404,0.16584395005158542,0.1571710955441403,
NVDA,2013Q1,,619302000.0,0.13,518568000.0,77891000.0,82781000.0,954739000.0,0.5431515838360013,0.08670537183460611,0.08158355320145087,0.12577224036092247
NVDA,2013Q2,,592006000.0,0.16,545538000.0,96448000.0,105534000.0,977238000.0,0.5582447673954554,0.10799211655707207,0.09869448384119324,0.16291726773039464
NVDA,2013Q3,,588752000.0,0.2,584415000.0,118734000.0,140988000.0,1053967000.0,0.5544907952526028,0.13376889409250953,0.11265438101951959,0.20167065249884503
NVDA,2013Q4,,,0.25,619242000.0,146917000.0,166924000.0,1144218000.0,0.541192325238722,0.14588478768905924,0.12839948331524237,
NVDA,2014Q1,,570422000.0,0.24,604202000.0,136516000.0,151359000.0,1102787000.0,0.5478864005469778,0.13725134590814,0.12379181111130255,0.23932457023046097
NVDA,2014Q2,,570572000.0,0.22,618974000.0,127976000.0,163179000.0,1102824000.0,0.5612627218849063,0.14796467976757852,0.11604390183746455,0.22429421703132996
NVDA,2014Q3,,558201000.0,0.31,676698000.0,172967000.0,213315000.0,1225382000.0,0.5522343236639676,0.17408040921116844,0.1411535341632242,0.30986508444090927
NVDA,2014Q4,,,0.35,699603000.0,193128000.0,231136000.0,1250514000.0,0.5594523531923673,0.18483279675397477,0.15443889472648847,
NVDA,2015Q1,,568000000.0,0.24,653000000.0,134000000.0,176000000.0,1151000000.0,0.5673327541268463,0.1529105125977411,0.11642050390964379,0.23591549295774647
NVDA,2015Q2,,556000000.0,0.05,634000000.0,26000000.0,76000000.0,1153000000.0,0.5498699045967043,0.06591500433651344,0.022549869904596703,0.046762589928057555
NVDA,2015Q3,,565000000.0,0.44,734000000.0,246000000.0,245000000.0,1305000000.0,0.5624521072796935,0.18773946360153257,0.18850574712643678,0.4353982300884956
NVDA,2015Q4,,,0.35,791000000.0,207000000.0,250000000.0,1401000000.0,0.5645967166309779,0.17844396859386152,0.14775160599571735,
NVDA,2016Q1,,597000000.0,0.33,751000000.0,196000000.0,245000000.0,1305000000.0,0.5754789272030651,0.18773946360153257,0.15019157088122606,0.32830820770519265
NVDA,2016Q2,,631000000.0,0.4,826000000.0,253000000.0,317000000.0,1428000000.0,0.5784313725490197,0.22198879551820727,0.17717086834733894,0.4009508716323296
NVDA,2016Q3,,653000000.0,0.83,1183000000.0,542000000.0,639000000.0,2004000000.0,0.5903193612774451,0.3188622754491018,0.27045908183632733,0.8300153139356815
NVDA,2016Q4,,,0.99,1303000000.0,655000000.0,733000000.0,2173000000.0,0.5996318453750575,0.3373216751035435,0.3014265991716521,
NVDA,2017Q1,,641000000.0,0.79,1150000000.0,507000000.0,554000000.0,1937000000.0,0.5937016004130098,0.28600929272070214,0.26174496644295303,0.7909516380655226
NVDA,2017Q2,,633000000.0,0.92,1302000000.0,583000000.0,688000000.0,2230000000.0,0.5838565022421525,0.30852017937219733,0.26143497757847534,0.9210110584518167
NVDA,2017Q3,,628000000.0,1.33,1569000000.0,838000000.0,895000000.0,2636000000.0,0.5952200303490136,0.33952959028831564,0.3179059180576631,1.3343949044585988
NVDA,2017Q4,,,1.78,1801000000.0,1118000000.0,1073000000.0,2911000000.0,0.6186877361731363,0.3686018550326348,0.3840604603229131,
NVDA,2018Q1,,627000000.0,1.98,2068000000.0,1244000000.0,1295000000.0,3207000000.0,0.6448394137823511,0.40380417835983784,0.38790146554412225,1.9840510366826156
NVDA,2018Q2,,626000000.0,1.76,1975000000.0,1101000000.0,1157000000.0,3123000000.0,0.6324047390329811,0.37047710534742234,0.3525456292026897,1.7587859424920127
NVDA,2018Q3,,625000000.0,1.97,1921000000.0,1230000000.0,1058000000.0,3181000000.0,0.6038981452373468,0.33259981138006917,0.3866708582206853,1.968
NVDA,2018Q4,,,0.92,1207000000.0,567000000.0,294000000.0,2205000000.0,0.5473922902494331,0.13333333333333333,0.2571428571428571,
NVDA,2019Q1,,616000000.0,0.64,1296000000.0,394000000.0,358000000.0,2220000000.0,0.5837837837837838,0.16126126126126125,0.17747747747747747,0.6396103896103896
NVDA,2019Q2,,616000000.0,0.9,1541000000.0,552000000.0,571000000.0,2579000000.0,0.5975184179914695,0.22140364482357502,0.2140364482357503,0.8961038961038961
NVDA,2019Q3,,618000000.0,1.45,1916000000.0,899000000.0,927000000.0,3014000000.0,0.6357000663570007,0.30756469807564696,0.2982747179827472,1.4546925566343043
NVDA,2019Q4,,,1.53,2015000000.0,950000000.0,990000000.0,3105000000.0,0.6489533011272142,0.3188405797101449,0.3059581320450886,
NVDA,2020Q1,,622000000.0,1.47,2004000000.0,917000000.0,976000000.0,3080000000.0,0.6506493506493507,0.3168831168831169,0.29772727272727273,1.4742765273311897
NVDA,2020Q2,,626000000.0,0.99,2275000000.0,622000000.0,651000000.0,3866000000.0,0.5884635281945163,0.16839110191412313,0.16088980858768753,0.9936102236421726
NVDA,2020Q3,,630000000.0,2.12,2960000000.0,1336000000.0,1398000000.0,4726000000.0,0.6263224714346171,0.2958104104951333,0.28269149386373255,2.1206349206349207
NVDA,2020Q4,,,,3157000000.0,1457000000.0,1507000000.0,5003000000.0,0.6310213871676994,0.30121926843893665,0.29122526484109534,
NVDA,2021Q1,,632000000.0,3.03,3629000000.0,1912000000.0,1956000000.0,5661000000.0,0.6410528175234057,0.3455219925808161,0.33774951422010246,3.0253164556962027
NVDA,2021Q2,,2532000000.0,0.94,4215000000.0,2374000000.0,2444000000.0,6507000000.0,0.6477639465191333,0.3755955125249731,0.3648378669125557,0.9375987361769352
NVDA,2021Q3,,2538000000.0,0.97,4631000000.0,2464000000.0,2671000000.0,7103000000.0,0.6519780374489652,0.3760382936787273,0.3468956778825848,0.970843183609141
NVDA,2021Q4,,,,5000000000.0,3002000000.0,2970000000.0,7643000000.0,0.6541933795629988,0.3885908674604213,0.3927777050896245,
NVDA,2022Q1,,2537000000.0,0.64,5431000000.0,1618000000.0,1868000000.0,8288000000.0,0.655284749034749,0.22538610038610038,0.19522200772200773,0.637761135199054
NVDA,2022Q2,,2516000000.0,0.26,2915000000.0,656000000.0,499000000.0,6704000000.0,0.4348150357995227,0.07443317422434367,0.09785202863961814,0.26073131955484896
NVDA,2022Q3,,2499000000.0,0.27,3177000000.0,680000000.0,601000000.0,5931000000.0,0.5356600910470409,0.10133198448828191,0.114651829371101,0.272108843537415
NVDA,2022Q4,,,,3833000000.0,1414000000.0,1256000000.0,6051000000.0,0.6334490166914559,0.20756899686002314,0.2336803834077012,
NVDA,2023Q1,,2490000000.0,0.82,4648000000.0,2043000000.0,2140000000.0,7192000000.0,0.646273637374861,0.2975528364849833,0.2840656284760845,0.8204819277108434
NVDA,2023Q2,,2499000000.0,2.48,9462000000.0,6188000000.0,6800000000.0,13507000000.0,0.7005256533649219,0.5034426593618124,0.45813282001924927,2.4761904761904763
NVDA,2023Q3,,2494000000.0,3.71,13400000000.0,9243000000.0,10417000000.0,18120000000.0,0.739514348785872,0.5748896247240618,0.5100993377483444,3.706094627105052
NVDA,2023Q4,,,,16791000000.0,12286000000.0,13615000000.0,22103000000.0,0.759670632945754,0.6159797312582003,0.5558521467674071,
NVDA,2024Q1,,2489000000.0,5.98,20406000000.0,14881000000.0,16909000000.0,26044000000.0,0.7835201965903855,0.6492474274305022,0.5713792044232837,5.978706307754118
NVDA,2024Q2,,24848000000.0,0.67,22574000000.0,16599000000.0,18642000000.0,30040000000.0,0.7514647137150466,0.620572569906791,0.5525632490013316,0.6680215711526079
NVDA,2024Q3,,24774000000.0,0.78,26156000000.0,19309000000.0,21869000000.0,35082000000.0,0.7455675275069836,0.6233681090017673,0.550396214582977,0.77940582869137
NVDA,2024Q4,,,,28722000000.0,22091000000.0,24033000000.0,39331000000.0,0.7302636597086268,0.6110447229920419,0.5616689125626096,
NVDA,2025Q1,,24611000000.0,0.76,26668000000.0,18775000000.0,21638000000.0,44062000000.0,0.6052380736235304,0.49108074985248057,0.4261041260042667,0.7628702612652879
NVDA,2025Q2,,24532000000.0,1.08,33853000000.0,26422000000.0,28440000000.0,46743000000.0,0.724236784117408,0.6084333483088377,0.5652611086151937,1.0770422305560086
NVDA,2025Q3,,24483000000.0,1.3,41849000000.0,31910000000.0,36010000000.0,57006000000.0,0.7341157071185489,0.6316878925025436,0.5597656387046978,1.3033533472205203
NVDA,2025Q4,,,,51093000000.0,42960000000.0,44299000000.0,68127000000.0,0.7499669734466511,0.6502414608011508,0.630586991941521,
